"File","SHA256","Lines","Static test declarations","Pattern counts","Review status"
"playwright.config.ts","ec6a41cfbdc564372b9695597c3bc3928ac93913b85070882fbc02c0cfbf66e2","531","0","","Static scan complete; no matched patterns (runtime unverified)"
"playwright.sso.config.ts","a5045dc1a876f3945983703f4dcfec20e6776acba87673e1785547536ab02859","70","0","","Static scan complete; no matched patterns (runtime unverified)"
"playwright/browser-helper-tests.config.ts","3dff554dfe0c95ae7e4f418a53123f4dd171eb7e7cc8bf5a589f0e97c2b650d5","22","0","","Static scan complete; no matched patterns (runtime unverified)"
"playwright/browser-tests/gridEditors.spec.ts","17decf6d62e7f246b47a634af7d1a5e7364894f66288cec9119da10d7fb9257d","65","1","","Static scan complete; no matched patterns (runtime unverified)"
"playwright/browser-tests/responseWaits.spec.ts","472d00dcf68abc1e8f082f53f45c427e2755f098a6799721fe7976f427191587","73","1","response-wait: 1; listener-after-action-candidate: 1","Static scan complete; matched patterns require contextual review"
"playwright/browser-tests/serverLoad.spec.ts","8af202ae2e8ce772d3b30065a24ff2d12f3d1eb54afa317773c18f17af8052ff","99","1","","Static scan complete; no matched patterns (runtime unverified)"
"playwright/browser-tests/taskActions.spec.ts","670a1d09382cea9f562c2f8ca7e24148b26fa871c27dfd49c282efeb2223a0a9","66","1","","Static scan complete; no matched patterns (runtime unverified)"
"playwright/constant/KnowledgeCenter.constant.ts","c63a7d28df011768ba6c50eb6c2aff9265fb48046016eb2b39a98e1ba4f9abe5","54","0","","Static scan complete; no matched patterns (runtime unverified)"
"playwright/constant/advancedSearch.interface.ts","9dcdcaafb70d7ec4822546c8d2420886791cb00253ce4fc4dfbef23ba5986a05","20","0","","Static scan complete; no matched patterns (runtime unverified)"
"playwright/constant/advancedSearch.ts","c5d751903332a6b13cc679a58fdba296f36e8c85283ca416b7555ddb89a03bed","67","0","","Static scan complete; no matched patterns (runtime unverified)"
"playwright/constant/alert.interface.ts","1d12482a1d13b96e05785cb5129fb35f9d3cbafb745551792f942126db27ef3a","84","0","","Static scan complete; no matched patterns (runtime unverified)"
"playwright/constant/alert.ts","f946e5e0be3e22e70647a2ff497346b4001c2de6d46f7e63c2a4b1442718a049","81","0","","Static scan complete; no matched patterns (runtime unverified)"
"playwright/constant/bulkImportExport.ts","6067dcba32a5a7aa8b7b16157e5f205bb776dacc8ee6e804f4a80d99064b9697","34","0","","Static scan complete; no matched patterns (runtime unverified)"
"playwright/constant/common.ts","30cf146331181beb64854dafe300f50036a017aab877a4803ca3ef7f04207212","86","0","","Static scan complete; no matched patterns (runtime unverified)"
"playwright/constant/conditionalPermissions.ts","cb78f656a489e8b8f0a84e6e5a61e6b9800ba1b2a2e3c403f338239f812a1cd6","175","0","","Static scan complete; no matched patterns (runtime unverified)"
"playwright/constant/config.ts","f918dcf000be1f1217dcb0fbb75b145fd1011604c3776ad50ea2c541208bf8e6","34","0","","Static scan complete; no matched patterns (runtime unverified)"
"playwright/constant/contianer.ts","f67c8b5d0149f04de7cbfee3fb20aa0cf350fd9939084a4a8c9847d22a0793e7","23","0","","Static scan complete; no matched patterns (runtime unverified)"
"playwright/constant/customProperty.ts","90668b8cb2a66907bcf177c5e605dd1bffb33fbe4089f3dee53623197fd2c9ef","233","0","","Static scan complete; no matched patterns (runtime unverified)"
"playwright/constant/customPropertyAdvancedSearch.ts","bb6c05f24243e90d5e2fc3a1e95328ecb046038772cde6fab0a48901b2034bc3","76","0","","Static scan complete; no matched patterns (runtime unverified)"
"playwright/constant/customizeDetail.ts","e34cf7cee74a5a7a1a9c794930ed834a51caa2eaf45f25895a06019900aa8fca","256","0","","Static scan complete; no matched patterns (runtime unverified)"
"playwright/constant/dataContracts.ts","19b1d98edaac6f6ef43d374f3c2007ffec74c4527ce9308710a544c0a662534d","935","0","","Static scan complete; no matched patterns (runtime unverified)"
"playwright/constant/dataInsight.interface.ts","cb3c265463ae79fe520f6e0603c3de603339a55d053753a0c5d79f88c59ea8bb","19","0","","Static scan complete; no matched patterns (runtime unverified)"
"playwright/constant/dataInsight.ts","0bd88b29f199311192a6fd577df6d2c2f294dae9cba10161ec709b84c13464ff","27","0","","Static scan complete; no matched patterns (runtime unverified)"
"playwright/constant/dataQuality.ts","f58469818160e2d0f99d85f8ae1336216922438c73bf3a1164e366a84a1c0ebb","24","0","","Static scan complete; no matched patterns (runtime unverified)"
"playwright/constant/dataQualityPermissions.ts","aa4d069f2c915e0d8bd3cdd340492a2db82b871b08998874ad4bb49a31b1eafb","493","0","","Static scan complete; no matched patterns (runtime unverified)"
"playwright/constant/delete.ts","08139b4f3ed1f04133626ca94faf45b177c23f8161604d4eed9b05b2c8179def","76","0","","Static scan complete; no matched patterns (runtime unverified)"
"playwright/constant/domain.ts","da781068800b201c141b8088297aa890ea06238284886dba61e695da13795c9d","124","0","","Static scan complete; no matched patterns (runtime unverified)"
"playwright/constant/entity.ts","e274d9bcf4fe1e4f91c31b22b4e085bfe3d503bec3a9952d9447cb6a4d66e0aa","52","0","","Static scan complete; no matched patterns (runtime unverified)"
"playwright/constant/explore.ts","46392ed9b93fa31c46d526b7bff9c9c133c05b6ed57622d40c90ec310490cdc9","198","0","","Static scan complete; no matched patterns (runtime unverified)"
"playwright/constant/glossaryImportExport.ts","03dc84fe89a2a115441d34a8574cad8f7d212b6fd7e02a13dc9a0771aeec96b8","38","0","","Static scan complete; no matched patterns (runtime unverified)"
"playwright/constant/login.ts","388b0c9933dd7e0188e2860d4274295e8734ee0ee32c0bd3090a1b3e6cae4325","23","0","","Static scan complete; no matched patterns (runtime unverified)"
"playwright/constant/logsViewer.ts","c4ac3f6bfb817d15cb49bffc419959425f98fd6123011e99d9590531c942c7da","43","0","","Static scan complete; no matched patterns (runtime unverified)"
"playwright/constant/nestedColumnUpdates.ts","a7fe1c7a9f95cb1b7897894a705e4ce10f16b5cf3c7c133805b44cc6b7364f03","67","0","","Static scan complete; no matched patterns (runtime unverified)"
"playwright/constant/permission.ts","c4287b036e7cbb58b6205883c7d2dfd5684ca1db885ffb7c1a350425c90d0407","382","0","","Static scan complete; no matched patterns (runtime unverified)"
"playwright/constant/profilerConfiguration.ts","2844f12d364fca3dd2e9b17eaae6ec1842191f2997c425ee43d1f93ea85e7c6c","88","0","","Static scan complete; no matched patterns (runtime unverified)"
"playwright/constant/searchRBAC.ts","91e9323a153f73dac752dcf91e4adce72cf133b3505804543858bfe871c0c0d4","82","0","","Static scan complete; no matched patterns (runtime unverified)"
"playwright/constant/service.ts","2a28a5bdebb70a484b65239b4f1c7ff51fea0b4dd79f1c4c770de953a45144d9","162","0","","Static scan complete; no matched patterns (runtime unverified)"
"playwright/constant/serviceForm.ts","76d1aad686142a9fa27d738f919c927a8c3e68e0a97e5020a1c01d19e2a48f86","73","0","","Static scan complete; no matched patterns (runtime unverified)"
"playwright/constant/settings.ts","47b557188cab58a49126180f6ad723df5ad3671187ca774b6aa4e5f63b041296","368","0","","Static scan complete; no matched patterns (runtime unverified)"
"playwright/constant/sidebar.ts","4c5d9b4c2ce8d688e359a21cb428a03c85c68783945f67d22f19a16816e6afa0","79","0","","Static scan complete; no matched patterns (runtime unverified)"
"playwright/constant/ssoAuth.ts","3f3360c25860c42defe215dde6af743eb90ca3465013cc62a47de9e466121d64","32","0","","Static scan complete; no matched patterns (runtime unverified)"
"playwright/constant/ssoConfiguration.ts","1c2182551db2282337ca02855389edcbd7e469c74d5b779281bc35e3ea0fdb80","79","0","","Static scan complete; no matched patterns (runtime unverified)"
"playwright/constant/tableConstraint.ts","b11c6199243caa746bdd5c6bc6b2a320dc9e8d8029ff0bcbaee374be78ffd494","61","0","","Static scan complete; no matched patterns (runtime unverified)"
"playwright/constant/testDefinitionFilter.ts","3348cd5ff5a7d422b70c6c3632c76391769c5555387eba1069c212a8e78d2967","30","0","","Static scan complete; no matched patterns (runtime unverified)"
"playwright/constant/user.ts","52f6313b9561df2818c7545cf322144178e07f5bc05d947aff65d2ae2b9ba83f","67","0","","Static scan complete; no matched patterns (runtime unverified)"
"playwright/constant/version.ts","0ce1a5d6963082bd5f77eef349b3ecd457830eb7ea38c5a3324ff0ea8d7e87c9","81","0","","Static scan complete; no matched patterns (runtime unverified)"
"playwright/e2e/Auth/OktaSelfSignupClaims.spec.ts","2779023d2c4a76589cee571204bf130c929c6b9de9695f94dc4ce05342febda0","113","1","newContext: 1; newPage: 1","Static scan complete; matched patterns require contextual review"
"playwright/e2e/Auth/OktaSessionRenewalPublic.spec.ts","d911bc0a490b4732df26369c3e4e653ba34f41dd2df8403b1a8c83626035ccdb","212","2","newContext: 1; newPage: 1; poll-callback: 2; catch-block: 1; route: 2","Static scan complete; matched patterns require contextual review"
"playwright/e2e/Auth/SSOAuthentication.spec.ts","21092370dab03907cda9687ba2eb07f66c165dd2595395ec1376521d1581b683","920","25","catch-block: 1; newPage: 2; poll-callback: 9; route: 4; reload: 1; waitForTimeout: 2","Static scan complete; matched patterns require contextual review"
"playwright/e2e/Auth/SSOLogin.spec.ts","0d98d88eadd73a9ed02f785004dea14c6476af034d49fd285690beebefe67132","191","6","newContext: 1; newPage: 2; reload: 2","Static scan complete; matched patterns require contextual review"
"playwright/e2e/Auth/SSORenewal.spec.ts","6692469c715753eccef89c1bac709600f63cfdabd4ce887abe22d21da9a4f52a","203","3","newContext: 1; newPage: 1; response-wait: 2; reload: 1","Static scan complete; matched patterns require contextual review"
"playwright/e2e/Auth/SSOSelfSignup.spec.ts","8b32542b3cc1859430961180b7318a64ed8c5895a4c891ed013a7857d2211ab1","119","1","newContext: 1; newPage: 1","Static scan complete; matched patterns require contextual review"
"playwright/e2e/Auth/SSOSessionLimit.spec.ts","e5497851b5ce14baf275c78819b68d997e4eb4bbd28da2c893453326ca3c508b","106","1","newContext: 1; newPage: 1; reload: 2","Static scan complete; matched patterns require contextual review"
"playwright/e2e/Features/ActivityAPI.spec.ts","e125490ccbffe9d626bac421e960675efcca68ab9fcfafd824c1009d1e10ca05","606","10","response-wait: 4; listener-after-action-candidate: 3","Static scan complete; matched patterns require contextual review"
"playwright/e2e/Features/ActivityFeed.spec.ts","bbc26c20ed54666ceb9879fbee239b366a24212ef023a23460329b509ab43321","1305","17","poll-callback: 5; newPage: 4; response-wait: 13; count: 4; listener-after-action-candidate: 3; reload: 2; caught-promise: 2; isVisible: 2","Static scan complete; matched patterns require contextual review"
"playwright/e2e/Features/ActivityFeedTabBadge.spec.ts","a8bdc0e2f741fa1857321a9d71b73de3f28fe8782c0c3241ff4c005a56edc208","327","4","response-wait: 1; listener-after-action-candidate: 1; reload: 2; poll-callback: 1; all: 1","Static scan complete; matched patterns require contextual review"
"playwright/e2e/Features/ActivityStream.spec.ts","f4fc8a710e6b874ed16aa305c8bc125fd94c0625e9b7ff91fd45b8b0d87bdbaf","286","6","response-wait: 3; reload: 2; count: 1; isVisible: 5; caught-promise: 1","Static scan complete; matched patterns require contextual review"
"playwright/e2e/Features/AdvancedSearch.spec.ts","6e862f95a55d6f93b7b71e0e5f1334c4e520279e54735f4feaecd2b91ba54b0e","1717","28","all: 4; response-wait: 21; listener-after-action-candidate: 1","Static scan complete; matched patterns require contextual review"
"playwright/e2e/Features/AdvancedSearchSuggestions.spec.ts","d509570763b877d71169f941f4aec5094021bf59a589eaa5fd4ce92c4594e3cf","92","1","","Static scan complete; no matched patterns (runtime unverified)"
"playwright/e2e/Features/AgentLogStreamHandover.spec.ts","b4c749739f98e52fe0a5b592bd6229549487f8ef3fca271fd7a8ccb44f0d7d83","526","3","route: 4; poll-callback: 8","Static scan complete; matched patterns require contextual review"
"playwright/e2e/Features/Announcements/AnnouncementEntity.spec.ts","cad322a14b736866e3cfad7ccd120f190887224a11e8b39f45e487a54796c608","149","3","","Static scan complete; no matched patterns (runtime unverified)"
"playwright/e2e/Features/Announcements/EntityHeaderAnnouncements.spec.ts","2718b628744eb8075dd90135f7b265cef715534c9a2021f961ac577639e2ecdd","162","3","","Static scan complete; no matched patterns (runtime unverified)"
"playwright/e2e/Features/AppMode/AppModeAiPersonaLandsAtRoot.spec.ts","cb0526e7dae9d4e8f2ad364d1c9f05dff6dc56e19638c7084c91be55ca3deddd","194","1","caught-promise: 3; assertion-block-poll: 1; newContext: 1; newPage: 1","Static scan complete; matched patterns require contextual review"
"playwright/e2e/Features/AppMode/AppModeAuthGating.spec.ts","b108c945f5932ca644bb22ca71d2e04b3f129953a48350b3241854f43ee612c8","219","8","newContext: 2; newPage: 2; caught-promise: 4","Static scan complete; matched patterns require contextual review"
"playwright/e2e/Features/AppMode/AppModeCrossDevice.spec.ts","7cae629d8b6f349117d82d9c2864e348fd10d2b26e05068a9f9199a924c9f8a8","126","1","assertion-block-poll: 1; caught-promise: 1; newContext: 2; newPage: 2; response-wait: 1","Static scan complete; matched patterns require contextual review"
"playwright/e2e/Features/AppMode/AppModePrecedence.spec.ts","06075d90b33568bffec35f731162d419deb6cc704cf0599de1f6b21e0367e63c","355","5","caught-promise: 7; assertion-block-poll: 1; newContext: 3; newPage: 3; reload: 1","Static scan complete; matched patterns require contextual review"
"playwright/e2e/Features/AppMode/AppModePreferenceRoundTrip.spec.ts","d2138ac6718c2282f6986d052be6937a9d13094b8a6c928e2ca809c6d2abdccd","142","2","caught-promise: 1; newContext: 2; newPage: 2; response-wait: 3","Static scan complete; matched patterns require contextual review"
"playwright/e2e/Features/AppMode/AppModeResolver.spec.ts","6d12a95e212182e4ce15a1a28c986c87f6a9e9d5598024c4b4b571901bb0ca0a","234","6","catch-block: 1; reload: 1; newPage: 1; response-wait: 1","Static scan complete; matched patterns require contextual review"
"playwright/e2e/Features/AppMode/AppModeRouteIsolation.spec.ts","ee0c5fc46d3334593985eb88a3a95c9627142713a2b2036042cd860dd93e3a4e","114","2","response-wait: 2","Static scan complete; matched patterns require contextual review"
"playwright/e2e/Features/AppMode/AppModeSettings.spec.ts","e91c628a0e0ec9a8f6b4506d50f3e713a14f0329ea3905adc7778e0427472c8d","317","6","route: 2; reload: 1","Static scan complete; matched patterns require contextual review"
"playwright/e2e/Features/AppMode/fixtures.ts","21e2b453314ae636d966cf1439f2b9a4712c2f40338d3fafe61ce9893bbeeb0b","139","0","newContext: 2; newPage: 2","Static scan complete; matched patterns require contextual review"
"playwright/e2e/Features/ArticleReviewerWorkflow.spec.ts","1b1d3c579a31d6d633d2d5b26857917726f58eb2fca178686ee2aa62e861d038","111","1","","Static scan complete; no matched patterns (runtime unverified)"
"playwright/e2e/Features/AutoPilot.spec.ts","edf7886f4aa8e032c3bde91dc91115b87225f5b0583119fe73da6ce05ec20f57","340","2","newPage: 1; isVisible: 1; reload: 2","Static scan complete; matched patterns require contextual review"
"playwright/e2e/Features/BlockEditorEmbedLink.spec.ts","47799816a42f0a1c405599853eef286ce558d57d3511de48919d9dabc40ab76e","76","1","","Static scan complete; no matched patterns (runtime unverified)"
"playwright/e2e/Features/BlockEditorMathEquations.spec.ts","852a2dcea2adb8709cb1422986e86faf542a8d96882910f2b26a9dee7ffe1c0e","91","1","response-wait: 1; reload: 1","Static scan complete; matched patterns require contextual review"
"playwright/e2e/Features/BulkEditEntity.spec.ts","cf493b6b1878b9e066c0bcd7dc9b752a00a5e6a311879596cdf1b4f7b2e61d0c","989","6","all: 2; forced-action: 5; response-wait: 9","Static scan complete; matched patterns require contextual review"
"playwright/e2e/Features/BulkEditImportPermissions.spec.ts","4fffc3e7a8ec3b813d8718b6f04f66deadac6d3878821d96954bb10f16038e84","210","4","newPage: 1","Static scan complete; matched patterns require contextual review"
"playwright/e2e/Features/BulkEditOperationBadges.spec.ts","3b07a0376020575ff11d783c205faeffa911c6abd090036191f71a9cd29fdb60","223","6","","Static scan complete; no matched patterns (runtime unverified)"
"playwright/e2e/Features/BulkImport.spec.ts","c04290ac7d8ce852de623bf60a3eb342d86c49264dd369e5119777f41e9a2f38","1332","6","response-wait: 7; forced-action: 1","Static scan complete; matched patterns require contextual review"
"playwright/e2e/Features/BulkImportWithDotInName.spec.ts","35c4940a79bb36f21fa7c6d047d5f70d0e38a8894a2c01a7978038fb876a9193","935","8","count: 2; response-wait: 4; waitForTimeout: 4","Static scan complete; matched patterns require contextual review"
"playwright/e2e/Features/CertificationDropdown.spec.ts","18871d8bd034863a24b74e5bf6881e9c16cda01a5743fc52d7556c2467581751","188","4","","Static scan complete; no matched patterns (runtime unverified)"
"playwright/e2e/Features/ChangeSummaryBadge.spec.ts","d92acc0158f74ccb1092279565a12748b7eef7f583e44bfffa6592dd694a3de1","388","5","poll-callback: 1; response-wait: 7","Static scan complete; matched patterns require contextual review"
"playwright/e2e/Features/ClassificationImportExport.spec.ts","1261fe0543b0fd8308debd950b1d687354f628bd044568d6a2977f72533fa0b1","167","4","response-wait: 1; catch-block: 1","Static scan complete; matched patterns require contextual review"
"playwright/e2e/Features/ColumnBulkOperations.spec.ts","811392312dcb0c4e7182d9df24d314f70abbbcc4acdcd4e8bef75a81174cbb1f","1132","25","response-wait: 2; caught-promise: 1; count: 8; poll-callback: 4; route: 3; catch-block: 1","Static scan complete; matched patterns require contextual review"
"playwright/e2e/Features/ColumnBulkOperationsTagsGlossary.spec.ts","f0def185a749b047bd56061858db3be1b4918ffb54f1d026b5a62bbe3693f24e","277","2","response-wait: 4; caught-promise: 1; count: 1; poll-callback: 3; listener-after-action-candidate: 2","Static scan complete; matched patterns require contextual review"
"playwright/e2e/Features/ColumnSorting.spec.ts","92f08786a777f2eb7774701ab1a96534a863731f9b56d47ce6ac1f1387409309","198","7","response-wait: 7; listener-after-action-candidate: 3; isVisible: 1","Static scan complete; matched patterns require contextual review"
"playwright/e2e/Features/Container.spec.ts","45682b5da0cd343e5ca62da601b82c87dbbb512d3b60b245746323ad1b057990","996","12","response-wait: 20","Static scan complete; matched patterns require contextual review"
"playwright/e2e/Features/ContextCenterArchive.spec.ts","3a96aaea29a452aec0ebe404f347ee268c4d1a7a5d677e95331ad518941ffe90","521","3","response-wait: 8; listener-after-action-candidate: 1; all: 1; count: 1; poll-callback: 1","Static scan complete; matched patterns require contextual review"
"playwright/e2e/Features/ContextCenterArticles.spec.ts","8bfe1868ef27b61b2628a55c73625751f2d045a5b6cfa189a7c6e8d564170666","1824","41","all: 4; response-wait: 23; listener-after-action-candidate: 6; count: 2; isVisible: 1; waitForSelector: 1; reload: 2","Static scan complete; matched patterns require contextual review"
"playwright/e2e/Features/ContextCenterDashboard.spec.ts","b6b22e228bdd8dfb67e2b6b331b8e0e376d5525f86436efa1059152d49a1ac7d","429","9","caught-promise: 4; isVisible: 4; response-wait: 3","Static scan complete; matched patterns require contextual review"
"playwright/e2e/Features/ContextCenterDocument.spec.ts","1d53c39e092812aa5db76e40a7f2f5f4614bd4efe88e8e3e4b774be5caa3ea2d","1779","30","all: 2; count: 3; response-wait: 31; route: 4; listener-after-action-candidate: 6; newPage: 1","Static scan complete; matched patterns require contextual review"
"playwright/e2e/Features/ContextCenterMemories.spec.ts","06a647f629fbb906f319f85523507cafae0c8acd32b1938ca2ab64ef99414338","2132","55","newPage: 1; response-wait: 34; listener-after-action-candidate: 7; caught-promise: 1","Static scan complete; matched patterns require contextual review"
"playwright/e2e/Features/ContextCenterPermission.spec.ts","f8a6100dc804d599da9ba60fda514ece4424396c38081d6ab74b5a7e9cf598b6","2293","32","response-wait: 27; caught-promise: 8; listener-after-action-candidate: 12; reload: 1","Static scan complete; matched patterns require contextual review"
"playwright/e2e/Features/CronValidations.spec.ts","0cf30691797b034adec93737fe7211d16cf896bccbc18215c0e695bddd31929c","134","1","","Static scan complete; no matched patterns (runtime unverified)"
"playwright/e2e/Features/CsvJobsTray.spec.ts","a0b2ab5a04780a68d65845dc827ae01a2bb7c0c0f643560e39f66b0131476e70","305","11","route: 3; poll-callback: 3; count: 1","Static scan complete; matched patterns require contextual review"
"playwright/e2e/Features/CuratedAssets.spec.ts","f7144bbebe64d813c0416a8c82c7ec2049710157feca4cf09ed79c72cc46586c","667","6","newPage: 1; response-wait: 5; listener-after-action-candidate: 2","Static scan complete; matched patterns require contextual review"
"playwright/e2e/Features/CustomMetric.spec.ts","9849b1df8b3fce64cbafe24497ce0fa9fbc4a4e04ee3427f864252c8446c92bb","106","2","response-wait: 2","Static scan complete; matched patterns require contextual review"
"playwright/e2e/Features/CustomizeDetailPage.spec.ts","c751eaa752ab8eafc1a9fa4446730cf5c5f090ceadea241733eca69c6bf70b04","960","10","newPage: 2; response-wait: 9; count: 3; poll-callback: 2","Static scan complete; matched patterns require contextual review"
"playwright/e2e/Features/CustomizeNavigationNewItems.spec.ts","48695abc9145611359b43a14dbbfa1cd0d2896790855e8734c8258fd8b0610f6","332","2","newPage: 2; response-wait: 3","Static scan complete; matched patterns require contextual review"
"playwright/e2e/Features/Dashboards.spec.ts","ec805011018f27653556cc45670f336fa8b3766068f2d47dd92cec11f1f73b32","338","4","response-wait: 2; reload: 3; loop-recovery-candidate: 1; isVisible: 1","Static scan complete; matched patterns require contextual review"
"playwright/e2e/Features/DataAssetRulesDisabled.spec.ts","4a5a8de87661610eb6c083767184d49228ebffa8774bca0466a9ee644970fa61","926","7","response-wait: 8; listener-after-action-candidate: 1","Static scan complete; matched patterns require contextual review"
"playwright/e2e/Features/DataAssetRulesEnabled.spec.ts","21fb0cbf8641138bf2c4955a0ae37c15846b43618e23ae3786153d646625df0a","473","4","response-wait: 3","Static scan complete; matched patterns require contextual review"
"playwright/e2e/Features/DataProductDomainMigration.spec.ts","0b7ec4d212fe1ad378457188fd8bf93a8740284b0b943ec75a1f871b6964c093","413","3","reload: 1; catch-block: 3","Static scan complete; matched patterns require contextual review"
"playwright/e2e/Features/DataProductPersonaCustomization.spec.ts","99cc7c9346a440e60b8b637b522a706a281e4c8c99bd60ef10a12ddf65e14aa6","324","2","newPage: 2; response-wait: 2","Static scan complete; matched patterns require contextual review"
"playwright/e2e/Features/DataProductRename.spec.ts","695be6f78430b410e15b9d28fe805a199acd9ff9ac945b3e6d70b8806607d521","412","4","response-wait: 4; listener-after-action-candidate: 3; loop-recovery-candidate: 1; catch-block: 2","Static scan complete; matched patterns require contextual review"
"playwright/e2e/Features/DataProductRenameConsolidation.spec.ts","6c98fece31c2067ed49097f6bf119fd8b25bf9e2ebd7fcfc8fb2b5985d4b1495","519","4","response-wait: 5; listener-after-action-candidate: 4; catch-block: 8; loop-recovery-candidate: 1","Static scan complete; matched patterns require contextual review"
"playwright/e2e/Features/DataQuality/AddTestCaseNewFlow.spec.ts","6b9ec1eb4e8774b431a8d3dd82564f7ba56fce5db60dabc3acb9befed2fbfeac","481","4","response-wait: 5; listener-after-action-candidate: 1; reused-response-promise: 1","Static scan complete; matched patterns require contextual review"
"playwright/e2e/Features/DataQuality/BundleSuiteBulkOperations.spec.ts","5854cbcd7940e2e7e987362a26bfe34d390065fe086bef754f0af0985ba4e1f3","175","3","","Static scan complete; no matched patterns (runtime unverified)"
"playwright/e2e/Features/DataQuality/CertificationFilter.spec.ts","437f8c2826178f61eefd579f671d672717c42f81041f196640029bbcdba4845c","195","4","response-wait: 2; listener-after-action-candidate: 1","Static scan complete; matched patterns require contextual review"
"playwright/e2e/Features/DataQuality/ColumnLevelTests.spec.ts","71f86fe22878d4c78a48ca2b70a8b4764c9162edbae84c5570a026d2ae901090","1610","16","response-wait: 16","Static scan complete; matched patterns require contextual review"
"playwright/e2e/Features/DataQuality/DataObservabilityGovernanceTab.spec.ts","396a59b9588297f82252dc075d4f7f04c260be91461146fc4b941fd67a18472c","546","14","response-wait: 7; poll-callback: 1; listener-after-action-candidate: 1","Static scan complete; matched patterns require contextual review"
"playwright/e2e/Features/DataQuality/DataQuality.spec.ts","08f6ba9c728996e99e95de1ca3f4e4e295975153e46c400afbe529e02da85db9","1711","9","response-wait: 50; listener-after-action-candidate: 19; reload: 3; route: 1; all: 2; boundingBox: 1; poll-callback: 1","Static scan complete; matched patterns require contextual review"
"playwright/e2e/Features/DataQuality/DataQualityDashboard.spec.ts","6267252c94f7d7726ec7cb240f551ef1691e1d0f840ba9115edacd1acc36abc9","1187","11","all: 1; response-wait: 9; listener-after-action-candidate: 4; reload: 1; count: 1","Static scan complete; matched patterns require contextual review"
"playwright/e2e/Features/DataQuality/DataQualityPermissions.spec.ts","0f275ba7de40eeab428338676820edc1704801215bfed59d54fcd11f29a7ca88","683","25","newPage: 12; all: 1","Static scan complete; matched patterns require contextual review"
"playwright/e2e/Features/DataQuality/Dimensionality.spec.ts","7c615ed38121af2dca24314faaaabbae7f7fea1964609f9309869fd4b1c8f3bd","238","1","response-wait: 3; listener-after-action-candidate: 2","Static scan complete; matched patterns require contextual review"
"playwright/e2e/Features/DataQuality/IncidentManagerAfterOwnerChange.spec.ts","34e3ddf853748e090bc0743c0a258311e3feed1376da9fc0fa79987ef92a7608","209","1","poll-callback: 2; response-wait: 1; caught-promise: 2","Static scan complete; matched patterns require contextual review"
"playwright/e2e/Features/DataQuality/IncidentManagerAfterSoftDelete.spec.ts","4e1b05d147029b7a6c0630c71ba2c698c4fa01f01c7136db58f3e210a310927c","121","1","poll-callback: 1; response-wait: 1","Static scan complete; matched patterns require contextual review"
"playwright/e2e/Features/DataQuality/IncidentManagerDateFilter.spec.ts","146837c5d62675e124d8c56659f5fc444e6255498330517398d9078bceda7ad0","441","11","response-wait: 12; listener-after-action-candidate: 6; reload: 1","Static scan complete; matched patterns require contextual review"
"playwright/e2e/Features/DataQuality/IncidentManagerLocaleLayout.spec.ts","99a0af398502e2b22ec2b01d9c08ec6942cbe56d0b311512c9342558d33c6a04","364","5","route: 1; poll-callback: 1; boundingBox: 2","Static scan complete; matched patterns require contextual review"
"playwright/e2e/Features/DataQuality/Profiler.spec.ts","fb6a6477f8ef0df09fde78f9254614e16774f7bfed07246c278c4a2108477f2c","415","4","response-wait: 7; reload: 1; listener-after-action-candidate: 1","Static scan complete; matched patterns require contextual review"
"playwright/e2e/Features/DataQuality/ProfilerIngestionForm.spec.ts","2eb92f13a0b68e94f198370f2b1f9643db3abf06f18eb9a44c7cbc8fc597814b","267","7","","Static scan complete; no matched patterns (runtime unverified)"
"playwright/e2e/Features/DataQuality/TableLevelTests.spec.ts","d63d3c5f9b5997022b361fafc7a0c8525edfa912641bca8093a762310a98459d","1058","9","response-wait: 29; listener-after-action-candidate: 1","Static scan complete; matched patterns require contextual review"
"playwright/e2e/Features/DataQuality/TableTestCasePagination.spec.ts","a2fdef4e7ce3c5aced212f715dfd90ecfdf617d94b64ade0277320ab100ee85a","93","1","all: 1; response-wait: 1","Static scan complete; matched patterns require contextual review"
"playwright/e2e/Features/DataQuality/TestCaseImportExportBasic.spec.ts","6cd8d690050fccf1d412d20599db75374df1069aec86ba3e7469a5858a0d872d","727","24","newPage: 1; response-wait: 4","Static scan complete; matched patterns require contextual review"
"playwright/e2e/Features/DataQuality/TestCaseImportExportE2eFlow.spec.ts","5de0b85f1c632a525f4c1ce659e00a868ad2898a45b1e7aec42624491f49e943","184","2","newPage: 1","Static scan complete; matched patterns require contextual review"
"playwright/e2e/Features/DataQuality/TestCaseIncidentPermissions.spec.ts","d96764ab05f187edaefe4467db8991f0778f1e01a40930f9ecbbff8906065647","415","8","newPage: 5; response-wait: 1; poll-callback: 1","Static scan complete; matched patterns require contextual review"
"playwright/e2e/Features/DataQuality/TestCaseResultPermissions.spec.ts","ab5cde62984be72447e9069c5a1a077a9a4b5803df27fd266599565002ff8b3f","457","11","newPage: 6; isVisible: 1","Static scan complete; matched patterns require contextual review"
"playwright/e2e/Features/DataQuality/TestCaseSoftDeleteRestore.spec.ts","24ef20bb0bad21483534be397b1160072f749089790eb45103068b142e92cb7e","309","3","response-wait: 3; poll-callback: 1; all: 2","Static scan complete; matched patterns require contextual review"
"playwright/e2e/Features/DataQuality/TestCaseStatusAfterReindex.spec.ts","00668bdaa2896be3d6af34c4d774a20e56a6c269ae9a73cf0beeef0ea984c9d2","123","1","poll-callback: 2","Static scan complete; matched patterns require contextual review"
"playwright/e2e/Features/DataQuality/TestDefinitionFilters.spec.ts","f19daeb94ef6980832aada0bdc4f68b7e7394f1c3699d53289dc44fe75a58c55","398","7","response-wait: 4; count: 1; reload: 1","Static scan complete; matched patterns require contextual review"
"playwright/e2e/Features/DataQuality/TestDefinitionPermissions.spec.ts","996536f3f1b9a19ded53536238a633ad0b8ca8c8d4cc3fadec845f4cca3aecd4","527","7","newPage: 3; response-wait: 2","Static scan complete; matched patterns require contextual review"
"playwright/e2e/Features/DataQuality/TestLibrary.spec.ts","87feddcf244e5e8cb27f16057025cd08f013f3d91745138c6b5dca0d778933fb","1358","15","boundingBox: 1; response-wait: 25; listener-after-action-candidate: 9; count: 1; isVisible: 2; loop-recovery-candidate: 1","Static scan complete; matched patterns require contextual review"
"playwright/e2e/Features/DataQuality/TestSuiteListAfterReindex.spec.ts","b19bd5c454aea998fd9a56290ebb95226e76f0195c4e84f1f12ac78680254242","149","1","poll-callback: 2","Static scan complete; matched patterns require contextual review"
"playwright/e2e/Features/DataQuality/TestSuiteSummaryAfterReindex.spec.ts","899ffb6fab97a2ae29c81a71171691501e28b7c3083b4f7204d16968118593ad","107","1","poll-callback: 1","Static scan complete; matched patterns require contextual review"
"playwright/e2e/Features/DescriptionSuggestion.spec.ts","e167ab5673f7affc9aa1b130ba879d4e3a389cd05ae51cc087bfba61a06d235d","595","7","caught-promise: 1; newPage: 7; poll-callback: 9","Static scan complete; matched patterns require contextual review"
"playwright/e2e/Features/DomainFilterQueryFilter.spec.ts","f55947923d3881372e9edcb0638dcd9e2d61153762a6e9f8eb616662b7bfa73f","1388","13","catch-block: 1; response-wait: 6; reload: 1; listener-after-action-candidate: 3","Static scan complete; matched patterns require contextual review"
"playwright/e2e/Features/DomainIsolation/DomainDropdownIsolation.spec.ts","f556620c5a7f4d45391fb21046e1b2fb3c6e776eb034f1909f94baf73b08291e","169","2","newPage: 2","Static scan complete; matched patterns require contextual review"
"playwright/e2e/Features/DomainIsolation/DomainIncidentIsolation.spec.ts","b43da7fa702f500a38e69c460f70686c23ca0884f6ecd878bd868a30ef01319a","230","2","newPage: 2; response-wait: 1; all: 5","Static scan complete; matched patterns require contextual review"
"playwright/e2e/Features/DomainIsolation/DomainLineageIsolation.spec.ts","dc2c55241dca94dcdb0f2cb594eae600b6f55b3e12d3580656453f2bea8eed82","185","3","newPage: 3","Static scan complete; matched patterns require contextual review"
"playwright/e2e/Features/DomainIsolation/DomainListingIsolation.spec.ts","1f98af2632bce8ed193b41934fad78d53d83922b0756575fb297fd9d73112a47","152","3","newPage: 3; response-wait: 1","Static scan complete; matched patterns require contextual review"
"playwright/e2e/Features/DomainIsolation/DomainSearchIsolation.spec.ts","2d05c3eafbb43703c18b2ef2c263076b86b3f8479c65d46c7f29fb0eba220f7e","205","3","newPage: 3; poll-callback: 8","Static scan complete; matched patterns require contextual review"
"playwright/e2e/Features/DomainIsolation/DomainTaskIsolation.spec.ts","c78acae5d11bd7152fe2a1f207f16cb1f8a837ccbe4f28f919b2b10b84761dcf","188","3","newPage: 3","Static scan complete; matched patterns require contextual review"
"playwright/e2e/Features/DomainTierCertificationVoting.spec.ts","4b89baba8f8dcee62d3be4ea2c5307ce0ac1600109bbad1c529c27f1d445fdf2","125","8","","Static scan complete; no matched patterns (runtime unverified)"
"playwright/e2e/Features/EntityRenameConsolidation.spec.ts","f1c54246d2ce5075e68efdb7895b676d45112341be0b9606bf88361c79a6a8ce","787","9","response-wait: 3; listener-after-action-candidate: 3; catch-block: 15","Static scan complete; matched patterns require contextual review"
"playwright/e2e/Features/EntityRightCollapsablePanel.spec.ts","cf26aef854c87d99826e11610f058d3f72973c83b56d4c14fd81e5b5419ce84a","78","1","","Static scan complete; no matched patterns (runtime unverified)"
"playwright/e2e/Features/EntitySummaryPanel.spec.ts","5e7f2636bf68a6500e56645bfa7fc971fd357a282a36b72842ebf13b37ecff0d","239","9","isVisible: 13; response-wait: 1","Static scan complete; matched patterns require contextual review"
"playwright/e2e/Features/ExploreFilterComposition.spec.ts","87334c420c44b78dbf58c53b9fdbb56422e07e1d298fa67e27d5671d300181b3","629","7","isVisible: 1; response-wait: 4; all: 1","Static scan complete; matched patterns require contextual review"
"playwright/e2e/Features/ExploreQueryBar.spec.ts","da2b13e3e2c3940a1556885194003f77aec36b87c85178eba9c14e7816c1903a","141","3","response-wait: 5; listener-after-action-candidate: 2","Static scan complete; matched patterns require contextual review"
"playwright/e2e/Features/ExploreQuickFilters.spec.ts","826e4abcdeb4b7d1595c5ed8ae93b706510a50fd6044b497425ecd945bd3c68c","788","17","poll-callback: 1; caught-promise: 5; isVisible: 5; response-wait: 22; listener-after-action-candidate: 2; assertion-block-poll: 1","Static scan complete; matched patterns require contextual review"
"playwright/e2e/Features/ExploreSortOrderFilter.spec.ts","8eb1f2c1444a826d123dcd0bb386204129f0687f03aab48bbe29ab9c2b76ff87","78","1","response-wait: 1","Static scan complete; matched patterns require contextual review"
"playwright/e2e/Features/ExploreUrlState.spec.ts","926f469fca581b3d25eaec5cf3a554656212e721c0ba39924559e603e58a2dc5","441","7","isVisible: 1; response-wait: 6; all: 1; reload: 1","Static scan complete; matched patterns require contextual review"
"playwright/e2e/Features/FailedTestCaseSampleData.spec.ts","341a5dd6ef8c4e4911f05265b86cb7ddcb1d708127bd489d47f19d63c2cdc222","265","2","response-wait: 4; route: 1","Static scan complete; matched patterns require contextual review"
"playwright/e2e/Features/GlobalPageSize.spec.ts","55b24c8bfbab981450d24b256016d9d74c42263240e5fa94e4b1b955b3513c76","92","1","response-wait: 2","Static scan complete; matched patterns require contextual review"
"playwright/e2e/Features/GlobalSearchSuggestions.spec.ts","b84fcc37263342e35a558d8e62ae5addb674c92103dea539d7490bf6e7f43dcf","96","1","response-wait: 2; listener-after-action-candidate: 1","Static scan complete; matched patterns require contextual review"
"playwright/e2e/Features/Glossary/GlossaryAdvancedOperations.spec.ts","7e3bb944009b1d97878afba8a4cf681f9591ada10b0353f5bfa9416e7d26f8f6","1463","28","response-wait: 24; listener-after-action-candidate: 12; count: 1; loop-recovery-candidate: 1; caught-promise: 2; isVisible: 2","Static scan complete; matched patterns require contextual review"
"playwright/e2e/Features/Glossary/GlossaryApprovalAfterMove.spec.ts","f798ec32ca3ef7dce2893e8b2d2819f25de3b5470a540f4df25be50c5e51b3c2","424","2","poll-callback: 4; all: 2; catch-block: 1","Static scan complete; matched patterns require contextual review"
"playwright/e2e/Features/Glossary/GlossaryAssets.spec.ts","d98fb7ea9d5cdb89e49b17f2ae983d2eac6de1311c7c1cb7077ee216c8556de4","633","10","caught-promise: 10; isVisible: 15; count: 1; response-wait: 1","Static scan complete; matched patterns require contextual review"
"playwright/e2e/Features/Glossary/GlossaryBulkOperations.spec.ts","d53a9d21a05e965a47319d2c215a789395a7c02155edd3f2ae6418208922a184","242","4","isVisible: 9; response-wait: 3; listener-after-action-candidate: 2; count: 1; caught-promise: 1","Static scan complete; matched patterns require contextual review"
"playwright/e2e/Features/Glossary/GlossaryCRUDOperations.spec.ts","75b50874e13d13d3a028c627a787bc5ffff8fccc643f1381a554fcea6fb7996e","748","13","response-wait: 6; catch-block: 2; caught-promise: 26; isVisible: 25; listener-after-action-candidate: 5","Static scan complete; matched patterns require contextual review"
"playwright/e2e/Features/Glossary/GlossaryExpandAllWithStatusFilter.spec.ts","d9452d37e4815d86d4299128d4314f45a18b33b2495297f759bd8b864fbab64a","287","4","response-wait: 3; listener-after-action-candidate: 1","Static scan complete; matched patterns require contextual review"
"playwright/e2e/Features/Glossary/GlossaryHierarchy.spec.ts","5cb5e5cde0e40a22576f793d66425a2b5eade5ea508d5614027f029d22ee9f50","420","7","poll-callback: 1","Static scan complete; matched patterns require contextual review"
"playwright/e2e/Features/Glossary/GlossaryInheritedReviewerApproval.spec.ts","f5aca343fb847b8842d811bfd8ddd27a1d617607ee5a7130d79a3ad034e16d3e","315","2","poll-callback: 3","Static scan complete; matched patterns require contextual review"
"playwright/e2e/Features/Glossary/GlossaryMiscOperations.spec.ts","edfb088284549fa924cd79abbbfd4d5780d8313ce46b04df395e1c3d89d35c9c","477","5","response-wait: 5; listener-after-action-candidate: 1","Static scan complete; matched patterns require contextual review"
"playwright/e2e/Features/Glossary/GlossaryMutualExclusivity.spec.ts","ab6cab6eb17a366be7b02f55d5dfc7b3961f76ea105a710302ff8eb469915fb0","1194","11","waitForSelector: 11; response-wait: 6; listener-after-action-candidate: 2","Static scan complete; matched patterns require contextual review"
"playwright/e2e/Features/Glossary/GlossaryMutualExclusivityDataProductTree.spec.ts","8d3ed3584727b471b2b7579419201b0e7355501319af86320984ee4782c8040b","414","7","response-wait: 1; listener-after-action-candidate: 1","Static scan complete; matched patterns require contextual review"
"playwright/e2e/Features/Glossary/GlossaryNavigation.spec.ts","610c5d1318d71cb613d65a77aa1d49f635da15c35b2965d2dd18f19c2931a8e9","379","9","response-wait: 5; caught-promise: 2","Static scan complete; matched patterns require contextual review"
"playwright/e2e/Features/Glossary/GlossaryP2Tests.spec.ts","0c55adbf1a8704a93239f640d19bed699f36ca714fd8f68c2ab76bff0e50b5a1","262","5","response-wait: 3; caught-promise: 6; isVisible: 6; catch-block: 1","Static scan complete; matched patterns require contextual review"
"playwright/e2e/Features/Glossary/GlossaryP3Tests.spec.ts","5687063463bb671385fcef3908c48a83dc3e9e69f9f0f15022149d9fb5576fee","905","20","all: 3; response-wait: 4; waitForTimeout: 2; caught-promise: 19; isVisible: 18; loop-recovery-candidate: 1; listener-after-action-candidate: 2","Static scan complete; matched patterns require contextual review"
"playwright/e2e/Features/Glossary/GlossaryPagination.spec.ts","acc3f77091817e62eb2109acf22a0c00cf74c26cd318dc5d53de1d249cb97de8","345","6","response-wait: 16; count: 3","Static scan complete; matched patterns require contextual review"
"playwright/e2e/Features/Glossary/GlossaryPersonaCustomization.spec.ts","9f8f41955a4e52c8ee8490341813aa7ca2888da2547ff12f3bbf7f24322a9fd5","258","3","newPage: 2; response-wait: 3","Static scan complete; matched patterns require contextual review"
"playwright/e2e/Features/Glossary/GlossaryRelationsGraph.spec.ts","6f5e23f49c8384531ab13dfa760ac86bc2c1ff34a706690b395491fff1f44063","502","17","","Static scan complete; no matched patterns (runtime unverified)"
"playwright/e2e/Features/Glossary/GlossaryRelationsGraphPerf.spec.ts","d545b66a0f14a25b96e614e9b937950cc23ce94d127261ab20cb8ae9c06e070c","143","1","response-wait: 1","Static scan complete; matched patterns require contextual review"
"playwright/e2e/Features/Glossary/GlossaryRemoveOperations.spec.ts","44cea55638ebd5427625474987f4cebcc7597542a73f0779c3894b2507e8aa49","398","6","response-wait: 5","Static scan complete; matched patterns require contextual review"
"playwright/e2e/Features/Glossary/GlossaryStatusFilterLargeDataset.spec.ts","4a0b6803179e2edcefe071e509d329a5c53e9204e48a15d395c2b42c06734fed","583","19","all: 1; response-wait: 1; listener-after-action-candidate: 1; caught-promise: 2; count: 3; waitForTimeout: 4; loop-recovery-candidate: 2; assertion-block-poll: 1","Static scan complete; matched patterns require contextual review"
"playwright/e2e/Features/Glossary/GlossaryStatusFilterNestedTerms.spec.ts","1f11be07ef2c62260c73220e32297e509a2a086aa2b40dcbd86833399c08672c","544","15","all: 2; response-wait: 3; listener-after-action-candidate: 2; caught-promise: 8; isVisible: 1; count: 1","Static scan complete; matched patterns require contextual review"
"playwright/e2e/Features/Glossary/GlossaryTermDetails.spec.ts","61101522306201580f46420c1b80b5e34662dc9b7b56d19aef8992d3a1e6172b","496","7","response-wait: 7; listener-after-action-candidate: 5; reload: 1","Static scan complete; matched patterns require contextual review"
"playwright/e2e/Features/Glossary/GlossaryTermInverseRelation.spec.ts","75f6b3e247e6905686e3062d8c9c247e868ac8f8035d661d9ecc7c5da64738b6","152","4","response-wait: 1; reload: 1","Static scan complete; matched patterns require contextual review"
"playwright/e2e/Features/Glossary/GlossaryTermRelatedTerms.spec.ts","21117527cf8fef3fea66fa5bd68c243c8e7f52f8f57b7ce87392d6c0cedbcc2a","414","6","response-wait: 7; listener-after-action-candidate: 3; reload: 2; all: 1; isVisible: 1","Static scan complete; matched patterns require contextual review"
"playwright/e2e/Features/Glossary/GlossaryTermRelationsGraph.spec.ts","278f3a43b4c2d8981091cefb772956e7027590b51a74521b0196fdad3ccdf56f","349","12","","Static scan complete; no matched patterns (runtime unverified)"
"playwright/e2e/Features/Glossary/GlossaryTermRelationsGraphNested.spec.ts","70512c38943f1ca9656fd020c5e68c4471a4f9b897934b3d349d378b9b6b93f9","162","4","","Static scan complete; no matched patterns (runtime unverified)"
"playwright/e2e/Features/Glossary/GlossaryVoting.spec.ts","49c7dc13d008d3e28a20e961d443e672da8db30ba8edc096d34423c16b8f067a","108","3","response-wait: 5; reload: 1","Static scan complete; matched patterns require contextual review"
"playwright/e2e/Features/Glossary/GlossaryWorkflow.spec.ts","06c89ce319d90f1e5189fca573dab139386edc54516e13ce086ecb82636003af","696","10","newPage: 3; response-wait: 9; assertion-block-poll: 1; action-inside-poll-candidate: 1; reload: 1; isVisible: 5; listener-after-action-candidate: 1; caught-promise: 1","Static scan complete; matched patterns require contextual review"
"playwright/e2e/Features/Glossary/LargeGlossaryPerformance.spec.ts","3337b7d03cdb2de24a739d6c37c66f643170ce7c5f601f33c1a7be7e00a527a4","511","9","count: 6; response-wait: 5; poll-callback: 2","Static scan complete; matched patterns require contextual review"
"playwright/e2e/Features/ImpactAnalysis.spec.ts","97157b73fe207247a605e15136ffc94cb8b4408833ed00bf88c9a27cee382790","1144","23","response-wait: 14; all: 1; poll-callback: 2; listener-after-action-candidate: 7; count: 9; waitForTimeout: 2","Static scan complete; matched patterns require contextual review"
"playwright/e2e/Features/IncidentManager.spec.ts","2848afa8bd31aadbc2e45a01d049cd4cc29a0ee63b0abc200b7fe3dccd444434","1171","5","newContext: 1; newPage: 3; catch-block: 4; caught-promise: 7; response-wait: 21; poll-callback: 7; isVisible: 11; count: 2; reused-response-promise: 2; reload: 2; listener-after-action-candidate: 2","Static scan complete; matched patterns require contextual review"
"playwright/e2e/Features/IncidentManagerPagination.spec.ts","927eb7cebafa189a0984bd7b382f44a6e1f9f4cb1b099f2d70de2ae0519d6646","117","2","response-wait: 5; listener-after-action-candidate: 1","Static scan complete; matched patterns require contextual review"
"playwright/e2e/Features/IngestionListNameSorting.spec.ts","20b69594841959ad4f195883c4bb54c87a5d73db1e24fa4712965622f82fcf04","241","2","route: 1; response-wait: 2; poll-callback: 1; all: 1; reload: 1","Static scan complete; matched patterns require contextual review"
"playwright/e2e/Features/KnowledgeCenterTextEditor.common.ts","35433f923ef41cae6c442007aa5e3bc68ebdd21d1f672d350f462c1f36d1f82d","404","0","count: 2","Static scan complete; matched patterns require contextual review"
"playwright/e2e/Features/KnowledgeGraph.spec.ts","5f9f7583aeaf0d8b9720b4c8edf2198abc2400690a2619009131bac9bf388086","362","6","poll-callback: 1; response-wait: 2; assertion-block-poll: 1; action-inside-poll-candidate: 1","Static scan complete; matched patterns require contextual review"
"playwright/e2e/Features/LandingPageWidgets/DataAssetsWidget.spec.ts","1a3d37c78704f4912048d590a3f7e776e37ae278143d0a172a679b23c681ae87","60","1","","Static scan complete; no matched patterns (runtime unverified)"
"playwright/e2e/Features/LandingPageWidgets/DomainDataProductsWidgets.spec.ts","984257b86bcaecfbef16cf5615e7b6fb433b5f310c243242654bd2bb933e9e7b","310","6","newPage: 1; caught-promise: 3; response-wait: 4; listener-after-action-candidate: 2; reload: 2; count: 1","Static scan complete; matched patterns require contextual review"
"playwright/e2e/Features/LandingPageWidgets/DomainWidgetFilter.spec.ts","bdb1722fbcd1c06517790b8f0e7358c6a187523fa10660cb8d1f3ca516356de8","118","2","","Static scan complete; no matched patterns (runtime unverified)"
"playwright/e2e/Features/LandingPageWidgets/FollowingWidget.spec.ts","53aa2639c72b826765420e0cc787bc98a1e8d378b2e882e4dc3b50893f16f458","103","1","newPage: 1","Static scan complete; matched patterns require contextual review"
"playwright/e2e/Features/LanguageOverride.spec.ts","8933f443703a85a9a4b343c2b2f83e40c9995a3a3078f73ddd08336a18e3bad1","94","1","newContext: 1; newPage: 1","Static scan complete; matched patterns require contextual review"
"playwright/e2e/Features/LineageExportPNGSnapshot.spec.ts","029b9ac732107ca1be00f4a0adcc68a40bef82d2db5dc23dd1c79073200efffc","120","1","response-wait: 1; all: 1","Static scan complete; matched patterns require contextual review"
"playwright/e2e/Features/LineagePipelineAnnotator.spec.ts","f8aac9f060700b359ea0d63c62a1259cfc84c9642376aade767c4dec5b881960","247","4","newPage: 2; response-wait: 2; listener-after-action-candidate: 2","Static scan complete; matched patterns require contextual review"
"playwright/e2e/Features/Markdown.spec.ts","4698d3d1085bad8c0eadfe82620f71f1a0b287e96d50705b1b4c35c09f452412","93","1","isVisible: 1","Static scan complete; matched patterns require contextual review"
"playwright/e2e/Features/MetricBulkImportExportEdit.spec.ts","762a7cc4648903ca632d51364f6cad438042391657336c0d74e1ab91d65a6a68","1854","24","all: 2; assertion-block-poll: 1; caught-promise: 4; isVisible: 2; response-wait: 2; route: 2; newPage: 5; poll-callback: 6; forced-action: 1; count: 1","Static scan complete; matched patterns require contextual review"
"playwright/e2e/Features/MetricCustomUnitFlow.spec.ts","5c795cfc724099245a8a472d02e3033a5221df1511addd2f3a65c1fb36d77b51","188","1","forced-action: 1; response-wait: 3; listener-after-action-candidate: 1","Static scan complete; matched patterns require contextual review"
"playwright/e2e/Features/MultipleRename.spec.ts","ae8f151329478d256584d39aaadf602a3b258038c01024736bcaa55d7cffef0c","371","4","response-wait: 3; listener-after-action-candidate: 3; newPage: 4; catch-block: 6; loop-recovery-candidate: 1","Static scan complete; matched patterns require contextual review"
"playwright/e2e/Features/MutuallyExclusiveColumnTags.spec.ts","f9791fd6ca2f1e8e30161a41528e9a62ebf86d7a8f35a0aa808b90724db71ded","128","1","response-wait: 4; listener-after-action-candidate: 2","Static scan complete; matched patterns require contextual review"
"playwright/e2e/Features/NavigationBlocker.spec.ts","62f571ce9db77d87e48e42f1510cbf959a559a4573fa8dd0ee1c8c70ef0b1a41","314","5","newPage: 1; response-wait: 2","Static scan complete; matched patterns require contextual review"
"playwright/e2e/Features/NestedColumnsExpandCollapse.spec.ts","07e95a88709333aed966d158512dfb6269196439268dc4a697e33e686f3a0838","232","4","response-wait: 4; listener-after-action-candidate: 1","Static scan complete; matched patterns require contextual review"
"playwright/e2e/Features/OnlineUsers.spec.ts","b0b04c56e99c9c7c41f94d283a57a6f674bcf13f5cd71c87d285da5d41439d39","281","7","response-wait: 5; newPage: 2; count: 2","Static scan complete; matched patterns require contextual review"
"playwright/e2e/Features/OntologyAiFlagRdf.spec.ts","64dfb6dec4d7e3f0e43c42305b4c52cb2ec6c136a404797cf7d8d14a8a9fd183","175","2","response-wait: 1; route: 2","Static scan complete; matched patterns require contextual review"
"playwright/e2e/Features/OntologyAuthoringRdf.spec.ts","b41ca9ba09d2c9132f35c4371b7ed0b040554fbaf63fa3898b9e66ce17a857df","364","3","response-wait: 2; listener-after-action-candidate: 1; poll-callback: 1","Static scan complete; matched patterns require contextual review"
"playwright/e2e/Features/OntologyConceptAttributesRdf.spec.ts","f0b5cc8243304cb0654ea0fd4e6b418716fd172ffaf5ee029175e2a937a05824","448","9","response-wait: 1; listener-after-action-candidate: 1","Static scan complete; matched patterns require contextual review"
"playwright/e2e/Features/OntologyConceptRealizationRdf.spec.ts","f8e54c4b893ac6102628b4e69d55421a355ca018b9c0919c1df8934991caa0d9","405","9","poll-callback: 3; action-inside-poll-candidate: 1","Static scan complete; matched patterns require contextual review"
"playwright/e2e/Features/OntologyDataExploreRdf.spec.ts","19d96377518595122eee0571cec23b563d3504bee1e2e45aaa51d5de459a6764","773","1","all: 3; poll-callback: 7; response-wait: 4; listener-after-action-candidate: 1","Static scan complete; matched patterns require contextual review"
"playwright/e2e/Features/OntologyGovernanceRdf.spec.ts","df11ad93c149cea813b5d039dcabb04240619886c95b06f48903e3054b837533","397","4","all: 1; response-wait: 2; listener-after-action-candidate: 1","Static scan complete; matched patterns require contextual review"
"playwright/e2e/Features/OntologyImportFidelityRdf.spec.ts","5052174e989220b8ea254eb0329de14440d1d201d43c4002bdcb21770548fa86","340","6","caught-promise: 1","Static scan complete; matched patterns require contextual review"
"playwright/e2e/Features/OntologyImportRdf.spec.ts","b4cd365aa9362a4df041074436a309c4b64aa47e7d44ef1c915282e9273c2cf4","158","3","caught-promise: 1; isVisible: 1","Static scan complete; matched patterns require contextual review"
"playwright/e2e/Features/OntologyImportRoundTripRdf.spec.ts","5d06a2d0fb30118f00c0a1e2916b8b6111a145b5ca4fc32c2a7caf49e7ab2307","221","3","all: 1; action-inside-poll-candidate: 1; poll-callback: 1","Static scan complete; matched patterns require contextual review"
"playwright/e2e/Features/OntologyLibraryRdf.spec.ts","a1f018a9020c74573dfaf29c308a8721d7836dc6d58662e2197bd9080854a977","203","1","response-wait: 1; poll-callback: 1","Static scan complete; matched patterns require contextual review"
"playwright/e2e/Features/OntologyQueryRdf.spec.ts","5d8eaae4b9eb74325dd7ea5a86f4c309083df6f36e9a057702528a299c7589d9","369","5","response-wait: 4; listener-after-action-candidate: 1","Static scan complete; matched patterns require contextual review"
"playwright/e2e/Features/OntologyRbacRdf.spec.ts","132acbf4b680187a3ac84cd8be84e8f38fbd60674ebe2b30571718855894b398","262","6","","Static scan complete; no matched patterns (runtime unverified)"
"playwright/e2e/Features/OntologyStudio.spec.ts","1ca6fda40fd4df51273e412cbfcb2b88e8de5fa89a0b73b9772bbbfffb835edc","231","7","response-wait: 1","Static scan complete; matched patterns require contextual review"
"playwright/e2e/Features/OntologyStudioCardinality.spec.ts","19b55845c4c17377195c440251a8ac7f0035649cabf7d31bd1ae1382cbb2b771","306","10","all: 1","Static scan complete; matched patterns require contextual review"
"playwright/e2e/Features/OntologyStudioE2E.spec.ts","644cbfc9d8fcbfc6ae8abe6c542bdeb283442209e9bdbef3e2fab926ddc00cba","253","15","","Static scan complete; no matched patterns (runtime unverified)"
"playwright/e2e/Features/OntologyStudioIntegration.spec.ts","348e85745325c181d68427ae98fec4101a5ab48ebba4e2d9787e26184bba3f79","368","7","assertion-block-poll: 2; response-wait: 1","Static scan complete; matched patterns require contextual review"
"playwright/e2e/Features/OntologyStudioInteractions.spec.ts","f0995215c55e0b72d381493e63c83f6b25d07bebae88c340d73164424827f642","182","9","","Static scan complete; no matched patterns (runtime unverified)"
"playwright/e2e/Features/OntologyStudioIsolatedToggle.spec.ts","fc6e1ff0ca20ddd3ecd3df412b92c81eb1a3ac8a4ac5085b5dd6b4e8e248c551","85","1","poll-callback: 1","Static scan complete; matched patterns require contextual review"
"playwright/e2e/Features/OntologyStudioRdf.spec.ts","d1af98d32d95f4441342a548297cb466c1325f5fe61d7018898fe5865f0a3481","277","7","newPage: 7; route: 11; all: 2","Static scan complete; matched patterns require contextual review"
"playwright/e2e/Features/Pagination.spec.ts","74137618f887b2b0925f4bc479bd00faf243620aa652e0224602179c3190bde1","1422","35","all: 8; response-wait: 10; listener-after-action-candidate: 3; reload: 1; count: 2","Static scan complete; matched patterns require contextual review"
"playwright/e2e/Features/Permission.spec.ts","01fbf37470a9bc1c6be61f3e1198ad32374a28a4ae689b0b1727c4aefed10c17","277","1","newPage: 1; reload: 3; response-wait: 8; listener-after-action-candidate: 5","Static scan complete; matched patterns require contextual review"
"playwright/e2e/Features/Permissions/DataProductPermissions.spec.ts","28e1d9a0bf8a0e10a47cf1e7304cb54f862fe608dfb900098672d9a8803ac16c","246","3","newPage: 3; isVisible: 2","Static scan complete; matched patterns require contextual review"
"playwright/e2e/Features/Permissions/DomainPermissions.spec.ts","93859ed819bf26bbae2b6483cdb88304eeea3f881985c36b4449426cff57ad7b","224","2","newPage: 4; isVisible: 2","Static scan complete; matched patterns require contextual review"
"playwright/e2e/Features/Permissions/EntityPermissions.spec.ts","26d165368f9d43410f9401d057309827569c826a5a5a0b5f53f2073aab8e32f0","363","4","newPage: 8","Static scan complete; matched patterns require contextual review"
"playwright/e2e/Features/Permissions/GlossaryPermissions.spec.ts","d099780ee81a63ecfa4015ad60eaa6afd718ef4fdcc25cd5428dbb7690638d81","440","9","newPage: 3; isVisible: 3; assertion-block-poll: 1","Static scan complete; matched patterns require contextual review"
"playwright/e2e/Features/Permissions/ServiceEntityPermissions.spec.ts","caaff41797d27fa79f11fd82fd1e00cc37d63042b349d8fff4b0f04b3c78b856","253","7","newContext: 1; newPage: 1","Static scan complete; matched patterns require contextual review"
"playwright/e2e/Features/PersonaAIContext.spec.ts","547d930d98e5dd0dd6840919d59495f198a0e48a36af2379f52e4cf5da389758","1738","29","route: 8; response-wait: 2; listener-after-action-candidate: 1","Static scan complete; matched patterns require contextual review"
"playwright/e2e/Features/PersonaAIContextPermissions.spec.ts","cefd095db26f0e4e820c0c8e92c9e3bc37587a46ebbbc683ff71827ae0792436","124","2","","Static scan complete; no matched patterns (runtime unverified)"
"playwright/e2e/Features/PersonaAIContextRuleCardAndStates.spec.ts","772e389140859ae10d85cd49a134404d7ed8800a6da3365878d4edf3c52d46c9","295","6","route: 1","Static scan complete; matched patterns require contextual review"
"playwright/e2e/Features/PersonaAIContextRules.spec.ts","9a2d1c226035729fcddb41119c7d508f068d8aa31195a68d39a6bcc499b9e808","483","8","newPage: 1; isVisible: 1; response-wait: 2","Static scan complete; matched patterns require contextual review"
"playwright/e2e/Features/PersonaSessionPersistence.spec.ts","eaac490d67a3f30cf9e45e22d3748e131e45cb3fe8e98cec93c8d0894eda9aa4","174","2","newPage: 1; response-wait: 1; reload: 1","Static scan complete; matched patterns require contextual review"
"playwright/e2e/Features/QueryEntity.spec.ts","2677af00b23671d71fb6db97d046b72a62565346ef9c4d045c1965b00ddc1169","407","3","response-wait: 19; listener-after-action-candidate: 8; forced-action: 1; reload: 2","Static scan complete; matched patterns require contextual review"
"playwright/e2e/Features/RTL.spec.ts","eb91fbc3335d48bc223b98ba838c88431e6518446bd622641a996c66fdd37720","81","2","all: 1; response-wait: 1","Static scan complete; matched patterns require contextual review"
"playwright/e2e/Features/RecentlyViewed.spec.ts","dea42d981b4d932eda8cea3a91882224ce2ef7ff8a2c27c1e91c6ee7a71e154b","101","1","count: 1","Static scan complete; matched patterns require contextual review"
"playwright/e2e/Features/RestoreEntityInheritedFields.spec.ts","8c83357f853ab9e7b8c8c90cf0389bd3645fe51b282a922ddb1dd13b98574c48","433","1","poll-callback: 3; response-wait: 2; assertion-block-poll: 2; caught-promise: 2; isVisible: 1; action-inside-poll-candidate: 1; reload: 1","Static scan complete; matched patterns require contextual review"
"playwright/e2e/Features/SSOConfiguration.spec.ts","4b40cc4f63bf364e8c83cb9097930ed764d65f09e1bf6bd9335078950e6f9558","1097","42","count: 6; response-wait: 5; listener-after-action-candidate: 1; route: 3","Static scan complete; matched patterns require contextual review"
"playwright/e2e/Features/SSOTestLogin.spec.ts","25566966e0a39750775944574d3d1fce6b8a3e79bdfc362c1218366c38555c67","162","6","route: 2; response-wait: 2","Static scan complete; matched patterns require contextual review"
"playwright/e2e/Features/SampleDataDomainDataProduct.spec.ts","2a0a0933abf1767d45ca9a983691eb3603c82ec619546f1bf9dcbc52a802d7e1","87","3","response-wait: 2","Static scan complete; matched patterns require contextual review"
"playwright/e2e/Features/SampleDataTableOperations.spec.ts","11da1a77866ee07bd40377b974ff3adaa8fb730e150413519eb6930d71858cfe","415","11","all: 1; response-wait: 2","Static scan complete; matched patterns require contextual review"
"playwright/e2e/Features/SchemaDefinition.spec.ts","e44ff4276491b235dc264bf219e5de6eb1f416d818a8272b951c1d84cc45028d","50","1","","Static scan complete; no matched patterns (runtime unverified)"
"playwright/e2e/Features/SchemaSearch.spec.ts","3599e5ab118bd5df98c2e114ce5fc24c5a1cf1e2bcf8f6c0884b30fcf8610c56","89","1","response-wait: 4","Static scan complete; matched patterns require contextual review"
"playwright/e2e/Features/SearchExport.spec.ts","de3e60449cb31bb418ae88177b668ac32bf85e894b234e0bcc30220be627a92e","564","7","response-wait: 9; poll-callback: 1; listener-after-action-candidate: 1; route: 1; isVisible: 1","Static scan complete; matched patterns require contextual review"
"playwright/e2e/Features/SearchIndexNestedColumns.spec.ts","e797837b8fe6edb37a068278b2e8baf6893aa2aa534973c56fcd8de414fb317b","156","1","poll-callback: 1; response-wait: 1","Static scan complete; matched patterns require contextual review"
"playwright/e2e/Features/SearchSeparation/ApiEndpoint.spec.ts","2e8159e3593c32cb844e5f5008cb4b4566be62baea4b21d669c2eecad7bd0ac4","25","0","","Static scan complete; no matched patterns (runtime unverified)"
"playwright/e2e/Features/SearchSeparation/Container.spec.ts","16c804fd2ff1d85a363050319fad3bc9067f15debda13980c4c27ae70ca9a842","25","0","","Static scan complete; no matched patterns (runtime unverified)"
"playwright/e2e/Features/SearchSeparation/Dashboard.spec.ts","28f3025efcc4d617b5a2c354d92c6fc838ccbe8f2b970ad6ebad5378de0a3ba1","25","0","","Static scan complete; no matched patterns (runtime unverified)"
"playwright/e2e/Features/SearchSeparation/Database.spec.ts","d9c872580a175e89612eb554961660d9696d1cb6644a823a8bbddaf29c37d30e","25","0","","Static scan complete; no matched patterns (runtime unverified)"
"playwright/e2e/Features/SearchSeparation/DatabaseSchema.spec.ts","8049ab46a9cf69276f66fd7ecb07dd113eaf250450bbe28b2156a77b6d77d306","25","0","","Static scan complete; no matched patterns (runtime unverified)"
"playwright/e2e/Features/SearchSeparation/DomainRenamePrefixCascade.spec.ts","5ff0f0d603d88263734ad2171e40c2f6a24b4af3e97a87e877b2d4f73e183dc2","164","1","poll-callback: 1","Static scan complete; matched patterns require contextual review"
"playwright/e2e/Features/SearchSeparation/ExploreFilterSeparation.spec.ts","ddc5dc7a885646aff1a4fe40c1919f0fe23b4d50b08c39b259596530b8028c42","32","0","","Static scan complete; no matched patterns (runtime unverified)"
"playwright/e2e/Features/SearchSeparation/GlossaryRenameCascade.spec.ts","49ee5014212b260a0c29e8f420eec15b679ea231843ad5ed3f916c66d9034fff","185","1","poll-callback: 1","Static scan complete; matched patterns require contextual review"
"playwright/e2e/Features/SearchSeparation/GlossaryRenamePrefixCascade.spec.ts","9a60bb8c94e23a6c175d244a09cfd7d10ee38fe9da2a83e444b9bc6585aa9701","173","1","poll-callback: 1","Static scan complete; matched patterns require contextual review"
"playwright/e2e/Features/SearchSeparation/Metric.spec.ts","4138b8171a03c9b217578a05353843c87e9cb32c64560a67127a11f46f636812","25","0","","Static scan complete; no matched patterns (runtime unverified)"
"playwright/e2e/Features/SearchSeparation/MlModel.spec.ts","c26baf7cf4325b8ea0cc2a82e1f403c4452e177efd51ac2ce18dfbcfbbb7d36d","25","0","","Static scan complete; no matched patterns (runtime unverified)"
"playwright/e2e/Features/SearchSeparation/Pipeline.spec.ts","d940c801b83c43fd1511d37c84e6416b6dc23facbca9426e52bf6483660901cd","25","0","","Static scan complete; no matched patterns (runtime unverified)"
"playwright/e2e/Features/SearchSeparation/SearchSeparationSuite.ts","db86b46185068f94607b33dca0d642f609ab5ba051bb99ae888512529fb8d1f2","515","2","poll-callback: 2; response-wait: 4; listener-after-action-candidate: 4","Static scan complete; matched patterns require contextual review"
"playwright/e2e/Features/SearchSeparation/StoredProcedure.spec.ts","55a49c78783facdf65863e66947d2fc2c210d7f67996bb421a25c0e42ddf9e85","25","0","","Static scan complete; no matched patterns (runtime unverified)"
"playwright/e2e/Features/SearchSeparation/Topic.spec.ts","db14698ffdb94892591e87a92f9fed933caafcaeb87968aec7d5e2924ef0b393","25","0","","Static scan complete; no matched patterns (runtime unverified)"
"playwright/e2e/Features/ServiceAgentsDeploymentSummary.spec.ts","9bfdbe0f7f100a2930d940ba9cf75fe127b1b9a4caa43ff0a156b4ab791eee9f","349","5","route: 5","Static scan complete; matched patterns require contextual review"
"playwright/e2e/Features/ServiceAgentsLiveProgress.spec.ts","fd6891fdbb3b616b49721c866e7f15809e690feec5da4a3b28a1ba2e44db79bf","408","3","isVisible: 3","Static scan complete; matched patterns require contextual review"
"playwright/e2e/Features/ServiceAgentsPauseResume.spec.ts","6582d1fadb204e45a9446591fd41930f494328988736e0c71fc7215e9b49f4e5","165","1","route: 5; response-wait: 2","Static scan complete; matched patterns require contextual review"
"playwright/e2e/Features/ServiceAgentsRefresh.spec.ts","49ec58ee8cff6234b543989cff9a937d41cbdf0fc96aaa80e8cfe2998a4d537f","102","1","route: 5; response-wait: 2; caught-promise: 1","Static scan complete; matched patterns require contextual review"
"playwright/e2e/Features/ServiceAgentsStatusDegradation.spec.ts","a19038ef3530cb32574713e92be97879c0252b41353ad7abf2bacfb649ca6e07","204","4","route: 5","Static scan complete; matched patterns require contextual review"
"playwright/e2e/Features/SettingsNavigationPage.spec.ts","d1ccb497ec98298a115a75aaa978dafc92de4234af2e81f69168f0edea2bc5db","550","8","newPage: 1; response-wait: 11; listener-after-action-candidate: 4; boundingBox: 10; poll-callback: 3","Static scan complete; matched patterns require contextual review"
"playwright/e2e/Features/StorageMetadataAgentForm.spec.ts","29c3e00d1bd53671a1c475805bd489410bfda10415543f9ee5dd2f536a964ae9","360","5","isVisible: 2; response-wait: 1; listener-after-action-candidate: 1; boundingBox: 3","Static scan complete; matched patterns require contextual review"
"playwright/e2e/Features/StoredProcedureServiceBulkFetch.spec.ts","72974c860372b3ab4ea707df1e666b519b506ee5c7e8d273a5e5d3cb269979b0","74","1","","Static scan complete; no matched patterns (runtime unverified)"
"playwright/e2e/Features/SystemCertificationTags.spec.ts","9193e7c58b831b6abe6f3a0b7127134cffb03609a23c81e2943cb789a111621c","143","3","","Static scan complete; no matched patterns (runtime unverified)"
"playwright/e2e/Features/Table.spec.ts","dcaad6c8a2b37a1e8a760145823a7ff86964ece8ec9281e743a1f558b1b8c057","1025","15","response-wait: 18; listener-after-action-candidate: 5; action-inside-poll-candidate: 1; poll-callback: 1; caught-promise: 2; count: 1; isVisible: 2; all: 2; reload: 1; route: 2","Static scan complete; matched patterns require contextual review"
"playwright/e2e/Features/TableConstraint.spec.ts","8a5bfe37f6a74bdd601fd22365c1209bc78789cab49eadb255d9e32ba13840cc","402","1","forced-action: 8; response-wait: 4; listener-after-action-candidate: 3","Static scan complete; matched patterns require contextual review"
"playwright/e2e/Features/TableSearch.spec.ts","0b8a41adaf579fd385ba5ebe124151245f56b934a7bba35d91ee79806166de51","455","11","","Static scan complete; no matched patterns (runtime unverified)"
"playwright/e2e/Features/TableSorting.spec.ts","9a89f26f5308a5693f6a3ee1eae4ab76fdc2826051e4bdfc512ab075158bc571","383","11","all: 3","Static scan complete; matched patterns require contextual review"
"playwright/e2e/Features/TagsSuggestion.spec.ts","1d0e70660b866b22e73842aae310746ac790244877ff0d27b3399f1efb44fa3e","610","7","caught-promise: 1; newPage: 7; poll-callback: 9","Static scan complete; matched patterns require contextual review"
"playwright/e2e/Features/Tasks.spec.ts","8d81ffea81fe1d09cb132747cdd08c2bd832c4f43c7387264563ad522d5daa35","588","13","waitForSelector: 3; response-wait: 3; isVisible: 10; caught-promise: 1; newPage: 5; count: 2; poll-callback: 1","Static scan complete; matched patterns require contextual review"
"playwright/e2e/Features/Tasks/ActivityFeed.spec.ts","72c5210a1a45a5292aa71e50f379be2dc73c8f09f94372e3d5576239331825d6","862","17","count: 9; isVisible: 10; response-wait: 2; reload: 1; newPage: 1; poll-callback: 1","Static scan complete; matched patterns require contextual review"
"playwright/e2e/Features/Tasks/DomainFiltering.spec.ts","0d5bea6a0f49b4197bd7a4c3baf648cf6609dbcf33737966de05370ec303b0f3","470","8","reload: 6; isVisible: 1; count: 1","Static scan complete; matched patterns require contextual review"
"playwright/e2e/Features/Tasks/TaskAllEntities.spec.ts","53b53bc9f3f6db17a941c8f6bf9ebbc15da0bd2049730b2f777f6bf367f881c0","515","4","","Static scan complete; no matched patterns (runtime unverified)"
"playwright/e2e/Features/Tasks/TaskAssigneeManagement.spec.ts","9717e12564463924a0e83ef8bb582b3d0074db1ae5a39843c19e72e3c9646a3e","136","1","response-wait: 1","Static scan complete; matched patterns require contextual review"
"playwright/e2e/Features/Tasks/TaskComments.spec.ts","71990d0d3e26697cfee94aded9a6515ba09b9b10f60a42603dde5bc79bd3460e","710","11","isVisible: 44; response-wait: 1; caught-promise: 2; count: 2","Static scan complete; matched patterns require contextual review"
"playwright/e2e/Features/Tasks/TaskContainerEntity.spec.ts","31870480784ef762d4aba38197fe50c6f57225fcbe9eb6670bb8fe138f289472","347","5","","Static scan complete; no matched patterns (runtime unverified)"
"playwright/e2e/Features/Tasks/TaskCreation.spec.ts","2d0c9783095a047593e0c4372ab1bb3084536f849039a0042e9861127288c38c","452","7","response-wait: 6; isVisible: 7","Static scan complete; matched patterns require contextual review"
"playwright/e2e/Features/Tasks/TaskCustomFormWorkflow.spec.ts","ffbf0e2eacb2574f0e4ea0cdf28319c96bb5efd4b2a88698ed67530f7f1e453f","561","1","poll-callback: 2; caught-promise: 6; isVisible: 1; response-wait: 1; listener-after-action-candidate: 1","Static scan complete; matched patterns require contextual review"
"playwright/e2e/Features/Tasks/TaskDashboardEntity.spec.ts","d359e3f40f3f75669a8beff993d66d5f270f6994e1e4207b345eb5a134e1477c","502","7","caught-promise: 1; waitForSelector: 1; poll-callback: 1; count: 1","Static scan complete; matched patterns require contextual review"
"playwright/e2e/Features/Tasks/TaskEntityResolution.spec.ts","6dff620dde8c96ca791ce4327c84ef2d5b4da919045eb3eb189d7186c3f355a9","615","7","","Static scan complete; no matched patterns (runtime unverified)"
"playwright/e2e/Features/Tasks/TaskNavigation.spec.ts","fad591ba23586350e063a54aab9ae909fedcf7a674f7d02d98a23acd1ee27308","775","11","isVisible: 21; poll-callback: 3; count: 5; newPage: 3; response-wait: 4; newContext: 2","Static scan complete; matched patterns require contextual review"
"playwright/e2e/Features/Tasks/TaskNestedFields.spec.ts","83bfb6f686e4f5dfbaa5028062881cc1abe9caeaf1869121c28fea8816e94238","697","6","","Static scan complete; no matched patterns (runtime unverified)"
"playwright/e2e/Features/Tasks/TaskPermissions.spec.ts","697cdccb5ace2f7f890889b37557d6850ce9ec24a320d62f62e02708545e78e7","773","13","newPage: 2; isVisible: 12","Static scan complete; matched patterns require contextual review"
"playwright/e2e/Features/Tasks/TaskPipelineEntity.spec.ts","16370f18b42a22aa036b647f8a769b5e4d38efd5105af493329b82779d4d4024","346","5","","Static scan complete; no matched patterns (runtime unverified)"
"playwright/e2e/Features/Tasks/TaskResolution.spec.ts","180767ff8afa2f0f4abdbe662a33543d3ed4ec35dd7806913703bfcca38e330f","617","9","isVisible: 10; response-wait: 1","Static scan complete; matched patterns require contextual review"
"playwright/e2e/Features/Tasks/TaskSuggestionAPIs.spec.ts","d90c99c287e6f3f124c565e87e5407aeb6225e875aad58ba0554620baf5d1a02","432","7","","Static scan complete; no matched patterns (runtime unverified)"
"playwright/e2e/Features/Tasks/TaskTopicEntity.spec.ts","ec2745fa8edca90ae8dc206470bf0149ee9fa334a652b6cf773c65586a3cc4ff","398","5","","Static scan complete; no matched patterns (runtime unverified)"
"playwright/e2e/Features/Tasks/TeamActivity.spec.ts","d31be341357964beec2552bda99b57fc3f5f60408e6436666adde31193ba78f9","639","10","newPage: 3; isVisible: 14; count: 4","Static scan complete; matched patterns require contextual review"
"playwright/e2e/Features/TeamSubscriptions.spec.ts","0f406395fec99a81c12e8e037024e2a12437066f0e063af3f1d345bf6dfa109b","558","17","reload: 1; newPage: 4","Static scan complete; matched patterns require contextual review"
"playwright/e2e/Features/TeamsDragAndDrop.spec.ts","7c4a526c4e176cba220d862b6d7c593d3fa7b2652416e4fc8edbae96f386a837","210","6","","Static scan complete; no matched patterns (runtime unverified)"
"playwright/e2e/Features/TeamsHierarchy.spec.ts","0807aa280dd06988d1b1cf4c8bd9ebb3bdfb2bee9a7902ef48fcb429b1a91e00","123","3","response-wait: 4; listener-after-action-candidate: 1","Static scan complete; matched patterns require contextual review"
"playwright/e2e/Features/TestSuiteMultiPipeline.spec.ts","91a0b295a780c831917de9fd57484ef86598fdb512b73dfcb22fddd7548a00ce","352","2","reload: 1; response-wait: 3; forced-action: 1","Static scan complete; matched patterns require contextual review"
"playwright/e2e/Features/TestSuitePipelineRedeploy.spec.ts","aab9f021322b45015556cbab415faabb05a0b57620d1b93eb678785102edee48","156","1","response-wait: 1; all: 3","Static scan complete; matched patterns require contextual review"
"playwright/e2e/Features/TierDropdown.spec.ts","a94c949b4db3968f4ca72fac412dd86e3064715c0568b14a465d9e6878482775","134","3","","Static scan complete; no matched patterns (runtime unverified)"
"playwright/e2e/Features/Topic.spec.ts","ba4d2d42fdbfa4df307277df96230e5a0036eb8c417c633b88ef8e5ce4317eca","170","4","count: 2","Static scan complete; matched patterns require contextual review"
"playwright/e2e/Features/UserProfileOnlineStatus.spec.ts","bd95f574abb2b2104a78f9ba835c763b6a9af76f62b133569061cef5fd1f7620","217","5","catch-block: 1; caught-promise: 5; isVisible: 4; boundingBox: 2","Static scan complete; matched patterns require contextual review"
"playwright/e2e/Features/Workflows/NoOpWorkflowNodeConfig.spec.ts","d4d6528500fb1fbe7b60094d824db9da78c963675e43993f55e5c1a008f9de10","153","2","response-wait: 1","Static scan complete; matched patterns require contextual review"
"playwright/e2e/Features/Workflows/RecognizerFeedbackSchemaNodeLock.spec.ts","3a96af5dcd60c3f15d76dcfbbc3a8c6cf0c44ecf4d3a9c043b464d9c9fd00bfb","163","3","response-wait: 2; listener-after-action-candidate: 1","Static scan complete; matched patterns require contextual review"
"playwright/e2e/Features/Workflows/WorkflowExecutionHistoryEntity.spec.ts","6895b1bfacedcda0fc86c81f6a97cf91fe72118091d22da36db3eb311321d4a7","178","3","route: 1","Static scan complete; matched patterns require contextual review"
"playwright/e2e/Features/Workflows/WorkflowOssRestrictions.spec.ts","af93595793c30446d4df41f613b1ac34aaacd17d32138ea38f556c59e8071bd7","677","23","response-wait: 5; listener-after-action-candidate: 1","Static scan complete; matched patterns require contextual review"
"playwright/e2e/Flow/AddRoleAndAssignToUser.spec.ts","2e07584684089f6dcbd46dd55bd360bb90dbc7eaa7fe45954650753c4c91f26e","127","3","response-wait: 5; listener-after-action-candidate: 1","Static scan complete; matched patterns require contextual review"
"playwright/e2e/Flow/ApiCollection.spec.ts","5de9691f84425233e5942294319c5977d1505e2142ff5f7218cb77fc0911d84c","107","1","","Static scan complete; no matched patterns (runtime unverified)"
"playwright/e2e/Flow/ApiDocs.spec.ts","d4ddf8d8e4c89c9484adb9d6a512de0a0257292c5e6aff976ae1e2633b4fb264","61","1","","Static scan complete; no matched patterns (runtime unverified)"
"playwright/e2e/Flow/ApiServiceRest.spec.ts","bd306f7d035bc66761482dd31bf6ce725ad75c6419e5f2cb0f6a9fc11e438e63","201","1","route: 4; response-wait: 2; listener-after-action-candidate: 1","Static scan complete; matched patterns require contextual review"
"playwright/e2e/Flow/AppBasic.spec.ts","b2db7bd0250347de5c5fda594292f191274f12f83642d4677e8b5f8d7af249ff","29","1","response-wait: 1","Static scan complete; matched patterns require contextual review"
"playwright/e2e/Flow/Collect.spec.ts","2159d7a31d0829c65e57a6e24d032e12016bd076e79811c739d9d4f949517108","95","1","response-wait: 1","Static scan complete; matched patterns require contextual review"
"playwright/e2e/Flow/ConditionalPermissions.spec.ts","898deae7c6b8e39bd0b9b8c126eaeac0b34ff79c3ad2d7c41c4bab8975844154","115","2","newPage: 2","Static scan complete; matched patterns require contextual review"
"playwright/e2e/Flow/ConnectionConfigLayout.spec.ts","1d43f2911f90ea11734df458a5283332aa8bce72e7d5f27feb57a1c1b42f982e","655","4","boundingBox: 1; route: 6; catch-block: 2; isVisible: 2; poll-callback: 1","Static scan complete; matched patterns require contextual review"
"playwright/e2e/Flow/CustomizeLandingPage.spec.ts","912535c094ed72159e9763b40a89a05ba8600fff5027745f37fd46305d857e47","383","4","newPage: 1; response-wait: 1; listener-after-action-candidate: 1; count: 2; boundingBox: 2; caught-promise: 1","Static scan complete; matched patterns require contextual review"
"playwright/e2e/Flow/CustomizeWidgets.spec.ts","c967d22dbe925c537088a0a76ac49ad35c946e342598c2dd3a7f982058447b37","781","9","newPage: 1; response-wait: 2; isVisible: 1","Static scan complete; matched patterns require contextual review"
"playwright/e2e/Flow/ExploreAggregationCountsMatching.spec.ts","87f5b7d277fe987fe4911c7c1ad93572ec533670d9ae1e06d05e1db47f0ce566","229","1","response-wait: 3; all: 1; isVisible: 2","Static scan complete; matched patterns require contextual review"
"playwright/e2e/Flow/ExploreDiscovery.spec.ts","3be8edfeb230dc3c9f0f005dbb8de5da7d134833c67e0a54b58d26f78b8be5f4","431","9","response-wait: 3; reload: 1","Static scan complete; matched patterns require contextual review"
"playwright/e2e/Flow/FrequentlyJoined.spec.ts","51c560aae019842d0c503168269e7937e52a116cea90a8e6af8ec0d1a701a583","75","2","","Static scan complete; no matched patterns (runtime unverified)"
"playwright/e2e/Flow/GlobalSearch.spec.ts","333831ef152e6ce565813884790360fe5a7059a410a8a53cd9a5637ab1428504","66","1","","Static scan complete; no matched patterns (runtime unverified)"
"playwright/e2e/Flow/IngestionBot.spec.ts","f098a30e32bcb400cedf05cbb5311f94bde7aad15c3b00136d8903abf49d7c97","205","1","newPage: 1; all: 2","Static scan complete; matched patterns require contextual review"
"playwright/e2e/Flow/LineageSettings.spec.ts","5a917df11c5fe82595511a74bf41cbf60edd717f9718414aa4362b74763cf3f7","404","3","all: 2; response-wait: 4; listener-after-action-candidate: 3; isVisible: 1; caught-promise: 1; reload: 1","Static scan complete; matched patterns require contextual review"
"playwright/e2e/Flow/Metric.spec.ts","e27295b0a49f453f1bd0c2fe9d2f59cc79a957c3c7ed505f0fec02be5cd7397c","193","7","newPage: 1; all: 2; response-wait: 1; listener-after-action-candidate: 1; reload: 1","Static scan complete; matched patterns require contextual review"
"playwright/e2e/Flow/MetricListSearch.spec.ts","b0fb2d57fc66819bee9abd4f808d49ad1aae4fe14357639d4c0f84a38f57eb5e","158","1","assertion-block-poll: 1; response-wait: 1","Static scan complete; matched patterns require contextual review"
"playwright/e2e/Flow/MetricSearch.spec.ts","dbdfe3eda756d6d8a795b124fae6d74f2c65d84ecea1a99223be638960717d17","133","1","assertion-block-poll: 1; response-wait: 1","Static scan complete; matched patterns require contextual review"
"playwright/e2e/Flow/Navbar.spec.ts","004f3edd30912f836050fd320c330db8b56d16ec930979b42821124e69e7e913","51","1","response-wait: 1","Static scan complete; matched patterns require contextual review"
"playwright/e2e/Flow/NestedChildrenUpdates.spec.ts","cd963a589a409c0d12a4dd363b5b6005194aa985ac6295aabd893e2c5e3eccd6","291","6","isVisible: 1","Static scan complete; matched patterns require contextual review"
"playwright/e2e/Flow/NotificationAlerts.spec.ts","105dfb4a42c9ba84091dcd823e03efd8c77987aedec2a293fec3eb892dd2009a","584","6","newPage: 3; response-wait: 4; loop-recovery-candidate: 2; listener-after-action-candidate: 1","Static scan complete; matched patterns require contextual review"
"playwright/e2e/Flow/ObservabilityAlerts.spec.ts","e27841a75dfe3276117bdb3477072247828b34348d16a4ea6d7eac6a9c3b2034","683","5","newPage: 2; response-wait: 3; isVisible: 2; listener-after-action-candidate: 1; forced-action: 1","Static scan complete; matched patterns require contextual review"
"playwright/e2e/Flow/PersonaDeletionUserProfile.spec.ts","1a43577aa8bee73ff9ce79a0f54074b97437a16957aa9df29ef36f80a0ea8047","163","1","response-wait: 2; loop-recovery-candidate: 1; isVisible: 2; reload: 1","Static scan complete; matched patterns require contextual review"
"playwright/e2e/Flow/PersonaFlow.spec.ts","9f183e33f200b4db04463a4fb7a3180738cc3e6aef9416e7b6b0669213f8400c","897","11","response-wait: 18; listener-after-action-candidate: 5; all: 1; newContext: 1; newPage: 1; reload: 3","Static scan complete; matched patterns require contextual review"
"playwright/e2e/Flow/PlatformLineage.spec.ts","396e3fd18f653961a73b14e92a7c054b9e15cdc01d432db6da8bf354f2d935c2","89","1","route: 1; response-wait: 3; listener-after-action-candidate: 1","Static scan complete; matched patterns require contextual review"
"playwright/e2e/Flow/SchemaTable.spec.ts","ee5cbbcef935d2de8cbaa16cf9ea9858e1522cf21be248b28b6e72a0b1950910","305","4","response-wait: 5; count: 2; all: 1","Static scan complete; matched patterns require contextual review"
"playwright/e2e/Flow/SearchRBAC.spec.ts","bbe256aee0cfaf8b2fc45942355799e01f7b44864a294d4bcf93f4980be74a91","456","9","newPage: 1; all: 10","Static scan complete; matched patterns require contextual review"
"playwright/e2e/Flow/ServiceCreationPermissions.spec.ts","622c7f49cc222c58ad9bbb6264517e3db38c49b9ddc539ff57b60fbb2b83ff97","652","8","newPage: 4; isVisible: 1; response-wait: 3; listener-after-action-candidate: 2","Static scan complete; matched patterns require contextual review"
"playwright/e2e/Flow/ServiceDocPanel.spec.ts","31ee663cd4fcea5c060396fa65379ba610991c49c7b2acba57befaf19710d7ad","357","14","","Static scan complete; no matched patterns (runtime unverified)"
"playwright/e2e/Flow/ServiceForm.spec.ts","9fb3f9efd6113e4b2fdb74006d11e7632b20ea4e2e0e76253e425939158635bf","618","9","response-wait: 8; listener-after-action-candidate: 1","Static scan complete; matched patterns require contextual review"
"playwright/e2e/Flow/TestConnectionModal.spec.ts","c4920fe6a794bfd1404c627d398cc5bea2e889b4746c1857ed9db2922268fb10","406","9","route: 5; response-wait: 1","Static scan complete; matched patterns require contextual review"
"playwright/e2e/Flow/Tour.spec.ts","a5abe6f4d6fad2c68d980ec15325189e275c49852e60b858941e5c30d884c6b4","222","3","isVisible: 3","Static scan complete; matched patterns require contextual review"
"playwright/e2e/Flow/UsersPagination.spec.ts","69d005cee565ec235e97245dbe8d33723a03f5e98530f3ef733e115175f7d853","96","1","response-wait: 3","Static scan complete; matched patterns require contextual review"
"playwright/e2e/Http2/SmokeH2.spec.ts","f801b37797e970aa38b83ebba0f047f16cd426ada78cd8f1d0cf9a839a7add9f","101","1","assertion-block-poll: 1","Static scan complete; matched patterns require contextual review"
"playwright/e2e/PageObject/Explore/CustomPropertiesPageObject.ts","a0943e0ade905988a1a9d16ec9a05f2973bde7e3f0a4cf19daec5549f6c9799c","272","0","response-wait: 1","Static scan complete; matched patterns require contextual review"
"playwright/e2e/PageObject/Explore/DataQualityPageObject.ts","f123e5a4bb65cd307c256ddc2e4547dc25cef4399045531239cb14dc1080f8a0","474","0","response-wait: 1; waitForTimeout: 2","Static scan complete; matched patterns require contextual review"
"playwright/e2e/PageObject/Explore/LineagePageObject.ts","db1df77e6b4811fe7faed07a9d0074e6daefb3136b32920167edfee978501b29","321","0","response-wait: 1; isVisible: 2","Static scan complete; matched patterns require contextual review"
"playwright/e2e/PageObject/Explore/OverviewPageObject.ts","cf00c145c5b8c74472ee9f44323fa04f2a31091fe36bc04f46055d0d353bcad4","932","0","isVisible: 1; response-wait: 6; forced-action: 3","Static scan complete; matched patterns require contextual review"
"playwright/e2e/PageObject/Explore/RightPanelPageObject.ts","78d79e203127886744a04d087254df5d25621bd3985e02106def6fe3aa558ae0","1239","0","catch-block: 1; count: 1; response-wait: 1","Static scan complete; matched patterns require contextual review"
"playwright/e2e/PageObject/Explore/SchemaPageObject.ts","32c65043b1de8b5c8f73113f11f4e330802ca049215620365db2b8fb99399172","192","0","waitForTimeout: 2; count: 4; isVisible: 2","Static scan complete; matched patterns require contextual review"
"playwright/e2e/Pages/AppRunsHistoryLogs.spec.ts","3f476702c60b96f1b4e6d93a4f7b88317b2f1472ec94c8e823244810f424d6ef","104","1","route: 3","Static scan complete; matched patterns require contextual review"
"playwright/e2e/Pages/AppStopRunModal.spec.ts","00ba236b42806bb6710fa9cdfb644d529311775e414a2a8ba4ae7665703e1089","218","3","route: 10; response-wait: 3; poll-callback: 1","Static scan complete; matched patterns require contextual review"
"playwright/e2e/Pages/AssetHealthWidget.spec.ts","74d8c8a8e21aa33a812f1b07c94ce2f2f7d1b810c5ea06a468137c8218010492","123","6","","Static scan complete; no matched patterns (runtime unverified)"
"playwright/e2e/Pages/AuditLogs.spec.ts","73dfd91e04ae5bd87c0b7bf5f2f73901ac8bfe453c258feec2ceccd9c5e2a3b1","1601","27","response-wait: 25; listener-after-action-candidate: 7; isVisible: 3; count: 4","Static scan complete; matched patterns require contextual review"
"playwright/e2e/Pages/Bots.spec.ts","ba68cc43ff631bc3ced241b7890a875ab4b8c79301691b33bd12c8f817682be5","115","1","","Static scan complete; no matched patterns (runtime unverified)"
"playwright/e2e/Pages/CSVImportWithQuotesAndCommas.spec.ts","0f511520e1aaa4c678d4637f80409216e4eddb56013d9e16f5a2308000d88881","291","1","catch-block: 1; poll-callback: 1; response-wait: 5","Static scan complete; matched patterns require contextual review"
"playwright/e2e/Pages/ClassificationConditionalRendering.spec.ts","1938272c6d0cf9356a9efa5736cc8c469792efb2a83ee576b3398e876160c62c","132","4","response-wait: 4; reload: 1","Static scan complete; matched patterns require contextual review"
"playwright/e2e/Pages/CustomProperties.spec.ts","b15a4243c2eb2e1da217381ce7c200f9e55cb16f749e8b46d5cbca59138b02f6","3964","60","all: 1; response-wait: 19; isVisible: 2; loop-recovery-candidate: 1; listener-after-action-candidate: 5; reload: 2","Static scan complete; matched patterns require contextual review"
"playwright/e2e/Pages/CustomPropertiesApiContract.spec.ts","b4bfe4698a65d76a5a5b0ee9e46966a282e97eab0173b09f5bd9e46d15d58fe9","938","3","loop-recovery-candidate: 1","Static scan complete; matched patterns require contextual review"
"playwright/e2e/Pages/CustomThemeConfig.spec.ts","4e89cd9818d89e19ff91e92d9642eb1f4058a174df52b3dec8106aa35dd6d736","214","3","response-wait: 5; listener-after-action-candidate: 2; poll-callback: 1; waitForTimeout: 1","Static scan complete; matched patterns require contextual review"
"playwright/e2e/Pages/DataContractInheritance.spec.ts","a5bb2b4f26bd77093ea97ebdc290feaf9fc75ac9d52003037ddf3140b2912226","1374","8","response-wait: 8; count: 1; reload: 2; assertion-block-poll: 1; listener-after-action-candidate: 1","Static scan complete; matched patterns require contextual review"
"playwright/e2e/Pages/DataContracts.spec.ts","50f40d681cacebba383fd652e96d5f7c05a8bd851fd6e7dad189d6893502b142","2543","13","caught-promise: 1; isVisible: 1; reload: 4; response-wait: 17; loop-recovery-candidate: 4; listener-after-action-candidate: 4; newPage: 1","Static scan complete; matched patterns require contextual review"
"playwright/e2e/Pages/DataContractsSemanticRules.spec.ts","90b188e72f470e282dff69e2790bd1e12716538f929434412b324c2a7677a11a","3768","41","reload: 32; assertion-block-poll: 1; action-inside-poll-candidate: 1; catch-block: 1; caught-promise: 2","Static scan complete; matched patterns require contextual review"
"playwright/e2e/Pages/DataInsight.spec.ts","5e189f471c5db503e587f389b8723494483e4d9aca0b6ec399af67eb80891220","311","10","response-wait: 13; listener-after-action-candidate: 1","Static scan complete; matched patterns require contextual review"
"playwright/e2e/Pages/DataInsightReportApplication.spec.ts","7318e50b9b7aa90f975172be79c9c55e650224663c28a57b581a69cfa69df9a7","169","4","catch-block: 1; response-wait: 1; poll-callback: 1; reload: 1","Static scan complete; matched patterns require contextual review"
"playwright/e2e/Pages/DataInsightSettings.spec.ts","7c0d4083b81570f1d0381cfdf4405b07ea4b75abfbdfce8187081581ceef98f9","216","4","response-wait: 4; waitForTimeout: 1; poll-callback: 1; reload: 1","Static scan complete; matched patterns require contextual review"
"playwright/e2e/Pages/DataMarketplace.spec.ts","e2aae7ad69219b5f34ce3831d7b0f6a1598415dfb1c0173342fd9252a8d3fbc6","277","5","caught-promise: 2; response-wait: 3; listener-after-action-candidate: 1","Static scan complete; matched patterns require contextual review"
"playwright/e2e/Pages/DataMarketplaceAnnouncements.spec.ts","e76121a681140460944721399d7fc418a3dcf2c90878180762ac79b8ee0b6938","110","1","isVisible: 1","Static scan complete; matched patterns require contextual review"
"playwright/e2e/Pages/DataMarketplacePermissions.spec.ts","723f7d138dd01a5a94fda612f57a282557af44a9fb7a3e971119c47b746b61cf","134","2","newPage: 2","Static scan complete; matched patterns require contextual review"
"playwright/e2e/Pages/DataProductAndSubdomains.spec.ts","ec8a8f543bd3cd381252c8b7937060e1129e3cad09eb4315010978d702b7710e","1016","18","response-wait: 13; listener-after-action-candidate: 4; caught-promise: 1; all: 2","Static scan complete; matched patterns require contextual review"
"playwright/e2e/Pages/DataProductCertificationFilter.spec.ts","346d2f9d6f52e132075fb952e2727886c62765346d36ea360ea3971177818e14","400","4","caught-promise: 1; isVisible: 1; response-wait: 1; reload: 1","Static scan complete; matched patterns require contextual review"
"playwright/e2e/Pages/DataProductODPS.spec.ts","2fce3d7adc7b82eb4f3d0199b9cf4c87020cf44644877f79095a6d5882fce706","540","10","response-wait: 4; listener-after-action-candidate: 2","Static scan complete; matched patterns require contextual review"
"playwright/e2e/Pages/DataProducts.spec.ts","a6aec2995fa9c149f6035f8cfeb2d7a68d1b99e684361a0941e15c22cde4b25f","583","9","newPage: 1; response-wait: 4; route: 1; listener-after-action-candidate: 1","Static scan complete; matched patterns require contextual review"
"playwright/e2e/Pages/DescriptionVisibility.spec.ts","4da539ddc6b35379509f2152bacfe3eebd85ea1d2800aa47abf27609dd5294d1","434","9","newPage: 3; response-wait: 1","Static scan complete; matched patterns require contextual review"
"playwright/e2e/Pages/DomainAdvanced.spec.ts","8f3365a5d6f66a9345b93b6d381ad1277808f8bf260df47758a718f3a0b911a8","1195","22","reload: 5; count: 1; response-wait: 6; listener-after-action-candidate: 4; isVisible: 1; all: 4; caught-promise: 1","Static scan complete; matched patterns require contextual review"
"playwright/e2e/Pages/DomainDataProductsRightPanel.spec.ts","095d59b105ffebdf1efcc67e31e7f43526c3e87b1222cea51c7a3752025e5a94","241","9","","Static scan complete; no matched patterns (runtime unverified)"
"playwright/e2e/Pages/DomainUIInteractions.spec.ts","c5e380c7c9616d985538ffe5a1e3b88a87d4d9ebaa567031c86cf969d4a65124","899","20","response-wait: 14; listener-after-action-candidate: 7; isVisible: 6; count: 1","Static scan complete; matched patterns require contextual review"
"playwright/e2e/Pages/Domains.spec.ts","67faad184bf46162ba5251c7e6439606e8eae1d621cb658efb725dc24c0f5529","3779","47","newPage: 1; response-wait: 44; reload: 24; all: 18; poll-callback: 1; listener-after-action-candidate: 7; catch-block: 19; caught-promise: 1","Static scan complete; matched patterns require contextual review"
"playwright/e2e/Pages/EditClassification.spec.ts","e2f97f0fb90806db585b1bd3173fc573c327b472420aa3c79a76d477f1b5c1ce","105","2","response-wait: 1; listener-after-action-candidate: 1","Static scan complete; matched patterns require contextual review"
"playwright/e2e/Pages/EmailConfiguration.spec.ts","75493a26b95968bf0541f00d6fd594b5908a011027bbfd4cc38ccfb8f3ead5a1","76","1","route: 2; response-wait: 1; listener-after-action-candidate: 1","Static scan complete; matched patterns require contextual review"
"playwright/e2e/Pages/Entity.spec.ts","3d4dafb951c775d94343ec8db6d0fb3a7aa9958befea2387a1cd28c30b0a5921","2500","37","newPage: 2; poll-callback: 1; all: 11; response-wait: 20; listener-after-action-candidate: 8; count: 9; isVisible: 3","Static scan complete; matched patterns require contextual review"
"playwright/e2e/Pages/EntityDataConsumer.spec.ts","c89e41168bae2208e2da141cac897e0b8e4c7a8c9e9fd837e16adab4ff33a280","218","12","newPage: 1; reload: 1","Static scan complete; matched patterns require contextual review"
"playwright/e2e/Pages/EntityDataSteward.spec.ts","8a5a0cb78b1bc45990ea012752990b7dd6142b92962350d3cd46abb5e512fe6a","234","13","newPage: 1","Static scan complete; matched patterns require contextual review"
"playwright/e2e/Pages/EntityHeaderBreadcrumb.spec.ts","3fa1d7348746142d164cebd03ed5114695fd143050a37c9856671da7de5e9710","118","1","newPage: 1","Static scan complete; matched patterns require contextual review"
"playwright/e2e/Pages/ExploreBrowse.spec.ts","42ad0b2419b5ea999ddc65791526cfdc40faba115b1bfc86105bb38acca47356","527","11","caught-promise: 1; response-wait: 9; isVisible: 1","Static scan complete; matched patterns require contextual review"
"playwright/e2e/Pages/ExplorePageRightPanel.spec.ts","d0a07199532e4aa3a92dbcb6ed5277f8c7219ba2ffa8c0629fa90c039fffdce4","2369","41","all: 12; count: 2; caught-promise: 1; response-wait: 6; reload: 3; newContext: 2; newPage: 2","Static scan complete; matched patterns require contextual review"
"playwright/e2e/Pages/ExplorePageRightPanel_KnowledgeCenter.spec.ts","68723f67b1087c70701c8358c96e9627e421031bd0ed46b3ee6da62ba956084e","754","22","assertion-block-poll: 1; isVisible: 1; reload: 3","Static scan complete; matched patterns require contextual review"
"playwright/e2e/Pages/ExploreResilience.spec.ts","29cff2217a7b664dec5de5c73b15b0713cf1eca7d0cb145395194aec00b5ff23","112","4","route: 2; response-wait: 3; reload: 1","Static scan complete; matched patterns require contextual review"
"playwright/e2e/Pages/ExploreTree.spec.ts","2dfd7c9997aaba032433b76f3837f02cff3babcd7e07299ed1b211091f822ba6","703","14","response-wait: 10","Static scan complete; matched patterns require contextual review"
"playwright/e2e/Pages/Glossary.spec.ts","8790523408c64baa311b122a36cb9517cd01116d64d4f707059bc8d0d000c840","2987","45","response-wait: 28; listener-after-action-candidate: 13; count: 1; poll-callback: 1; newPage: 2; reload: 5","Static scan complete; matched patterns require contextual review"
"playwright/e2e/Pages/GlossaryFormValidation.spec.ts","a7e901727de7aa9b2837487ff7edc7571d9ad82b6cd763544f5424b5d0963ca2","157","5","","Static scan complete; no matched patterns (runtime unverified)"
"playwright/e2e/Pages/GlossaryImportExport.spec.ts","e0f1243e64e6429335910065546f5555b171483bd84d07c1317aedb6b54ac08d","914","9","response-wait: 2; count: 1; isVisible: 3","Static scan complete; matched patterns require contextual review"
"playwright/e2e/Pages/GlossaryTermRelationSettings.spec.ts","e3d9230d90b3fb11ae80ec812c5779936c6519e7759477231513937cd4928dff","469","9","response-wait: 2; loop-recovery-candidate: 1; count: 1; all: 2","Static scan complete; matched patterns require contextual review"
"playwright/e2e/Pages/GlossaryTermRightPanel.spec.ts","d6391d2ceab64feb3bbb9660dd452377de078030dcc3ab4fed8e51e9341b13d0","281","10","","Static scan complete; no matched patterns (runtime unverified)"
"playwright/e2e/Pages/HealthCheck.spec.ts","359e0944cab050ec2c11f86068fb17608940a161aad700e8c71cfafffedab6c1","54","1","response-wait: 1","Static scan complete; matched patterns require contextual review"
"playwright/e2e/Pages/IngestionLogStreamLive.spec.ts","c524387eb788e4b272682ff9ef79e095abe35247a66b78d509968fa0f404d9bf","320","1","response-wait: 1; poll-callback: 1","Static scan complete; matched patterns require contextual review"
"playwright/e2e/Pages/InputOutputPorts.spec.ts","30b098ee9a8245b88a35d9378e69943edb1e581db3679deb998f19e90b45eac2","1854","43","response-wait: 9; listener-after-action-candidate: 4; poll-callback: 2","Static scan complete; matched patterns require contextual review"
"playwright/e2e/Pages/IntakeForm.spec.ts","def6bb73bd5d4017c460d4114d1c9be0c20543ee74e83bf06371bd6a82a21c8a","1686","14","response-wait: 12; forced-action: 1; listener-after-action-candidate: 2; isVisible: 3","Static scan complete; matched patterns require contextual review"
"playwright/e2e/Pages/LearningResources.spec.ts","c24c81a607a2eafb89a072ce2ff897c75c9db000bea668b2d476e1af2080627a","625","13","response-wait: 6; listener-after-action-candidate: 1","Static scan complete; matched patterns require contextual review"
"playwright/e2e/Pages/Lineage/DataAssetLineage.spec.ts","bc090db789cc64f8f87be27f6949d3b043815dc2e212b96b937aa247755a2852","573","8","all: 2; response-wait: 2; reload: 1; listener-after-action-candidate: 1","Static scan complete; matched patterns require contextual review"
"playwright/e2e/Pages/Lineage/LineageControls.spec.ts","9bc1f8591a8f363e876aa536722330421c9ff542c9cf6b11979149f81f5b3d5b","265","8","all: 2; loop-recovery-candidate: 2; count: 1","Static scan complete; matched patterns require contextual review"
"playwright/e2e/Pages/Lineage/LineageFilters.spec.ts","da2856b7f4fbd4464a2ee36685b3ccf99f038481a86025ac7746e0b375b95ba2","1107","12","all: 2; reload: 1; response-wait: 13; listener-after-action-candidate: 5; loop-recovery-candidate: 2; catch-block: 1","Static scan complete; matched patterns require contextual review"
"playwright/e2e/Pages/Lineage/LineageInteraction.spec.ts","349722b045bf8eca32ec2a1a35cec726d948ef0ff27bc2586569cbcf45fb1a97","1014","17","all: 12; response-wait: 7; reload: 3; listener-after-action-candidate: 2; count: 2","Static scan complete; matched patterns require contextual review"
"playwright/e2e/Pages/Lineage/LineageNodePagination.spec.ts","c9fffc7a125761dc552f22e27105e65f8aa719141ae3c751e306d5fbfd5f5401","583","5","all: 2; isVisible: 8","Static scan complete; matched patterns require contextual review"
"playwright/e2e/Pages/Lineage/LineageRightPanel.spec.ts","dd8ff76b4961acb97f5c1b87af5a2a7dcbe5d9c0fa23b81f30087207926b7b23","261","2","all: 3; isVisible: 2; response-wait: 2","Static scan complete; matched patterns require contextual review"
"playwright/e2e/Pages/Lineage/PlatformLineage.spec.ts","97bdf74c65e4ad5c4018523109b7affa5aea2f74ffc5b32fcb19ed4e96a2885f","200","4","response-wait: 2","Static scan complete; matched patterns require contextual review"
"playwright/e2e/Pages/LiveIndexingTab.spec.ts","74b562c7bc9045ca6957f1080a1e3cdf6fa63f4a75c9d056f553dcea72c272a2","293","4","newPage: 2; caught-promise: 3; response-wait: 1; route: 2; count: 1","Static scan complete; matched patterns require contextual review"
"playwright/e2e/Pages/Login.spec.ts","1d0419bf56fb9d9f5b5fa61b079d39b01fb9a5f468a2eda2181037a9067db1f5","265","5","response-wait: 4; listener-after-action-candidate: 4; newPage: 3; reload: 1; waitForTimeout: 2; newContext: 1","Static scan complete; matched patterns require contextual review"
"playwright/e2e/Pages/LoginConfiguration.spec.ts","4d34b4b827360b9dfe6b8dc3b1a4bc97925c2426363d95a0fbcbe70675bdcff1","143","2","response-wait: 1","Static scan complete; matched patterns require contextual review"
"playwright/e2e/Pages/LogsViewer.spec.ts","ac431bfd86e8771ca3655e5d0469788d12b2e2cf690b8b865f00c299f7b3e721","182","1","response-wait: 2","Static scan complete; matched patterns require contextual review"
"playwright/e2e/Pages/ODCSImportExport.spec.ts","1bf1e376b0ba4ef204d03c0bebe58e066062c025ffa20fdd2d2e0b996ad3422a","2226","47","response-wait: 3; listener-after-action-candidate: 3; isVisible: 1","Static scan complete; matched patterns require contextual review"
"playwright/e2e/Pages/ODCSImportExportPermissions.spec.ts","8a8dbc2864211394fce3ad97a63953ff078305255a17828a3652acbe62472549","544","13","newPage: 2","Static scan complete; matched patterns require contextual review"
"playwright/e2e/Pages/OmdURLConfiguration.spec.ts","1488a65682061b7aaad86cbef9cefc8e8441ec5349b61730b8075c0e37e95ba0","69","2","response-wait: 1; listener-after-action-candidate: 1","Static scan complete; matched patterns require contextual review"
"playwright/e2e/Pages/PipelineExecution.spec.ts","2c0553442c7b635cd88a253164c89fdfb486d239c014d813b0aaa90c358886f1","90","1","","Static scan complete; no matched patterns (runtime unverified)"
"playwright/e2e/Pages/PipelineValidation.spec.ts","bd453ba3456d7295050b0f53028daf7f721a91a4450b24928e559e4af32c4412","90","2","","Static scan complete; no matched patterns (runtime unverified)"
"playwright/e2e/Pages/Policies.spec.ts","3cfe493bc0f5d356c2461124dfc0dcb5b30d330d746f8e927b7586d070d94128","418","3","response-wait: 2; listener-after-action-candidate: 1; reload: 1","Static scan complete; matched patterns require contextual review"
"playwright/e2e/Pages/ProfilerConfigurationPage.spec.ts","c07cda65d89b0ccdc732a39415e917e453901c107b105e096d7ff4c91d4afe6a","340","3","newPage: 2; loop-recovery-candidate: 1; count: 1; catch-block: 1; response-wait: 5; listener-after-action-candidate: 3","Static scan complete; matched patterns require contextual review"
"playwright/e2e/Pages/Roles.spec.ts","e2483eda22666791b16ac0640ac9e7586a1cea7908e22a477b59ecfe83bdbaab","570","2","all: 6; response-wait: 6; isVisible: 1; reload: 1","Static scan complete; matched patterns require contextual review"
"playwright/e2e/Pages/SearchIndexApplication.spec.ts","4009a527a7d15bc9fa7de15a2895aa228de4901d3965a98e6f2dd10d8b8164c0","443","1","response-wait: 9; poll-callback: 2; reload: 3; listener-after-action-candidate: 2","Static scan complete; matched patterns require contextual review"
"playwright/e2e/Pages/SearchSettings.spec.ts","0975663c6d6edfa010583ab0ec7a790a52e88c1c508ad188cf25d3ca68fbaf05","819","11","newPage: 1; response-wait: 13; reload: 2; route: 1; waitForTimeout: 1; listener-after-action-candidate: 1","Static scan complete; matched patterns require contextual review"
"playwright/e2e/Pages/ServiceEntity.spec.ts","916cf93279ee05d4fc750fd6f4fb65ee47fbdbf39f2af040f09caf53ec873c9b","292","14","newPage: 1","Static scan complete; matched patterns require contextual review"
"playwright/e2e/Pages/ServiceListing.spec.ts","7521e96fc31a3f969ffbf977de2be7a169558038b2e3a072cc9c704106b710c3","228","4","response-wait: 5; listener-after-action-candidate: 3","Static scan complete; matched patterns require contextual review"
"playwright/e2e/Pages/SubDomainPagination.spec.ts","a409a08c7e8487deaa4f3056b7ea9f1037a4fea777e92ce909d37731920dff7b","121","1","all: 1; response-wait: 3","Static scan complete; matched patterns require contextual review"
"playwright/e2e/Pages/Tag.spec.ts","361c426731bc13ad90d70f4d011c820cd43248d46dbfbe95597ca8320397918f","666","21","newPage: 4; response-wait: 7; listener-after-action-candidate: 2; all: 2; reload: 2","Static scan complete; matched patterns require contextual review"
"playwright/e2e/Pages/TagPageRightPanel.spec.ts","e9a3a9b63734143a17a99cc288ae62185954e81988dc34cf0947b41276f95a4d","268","11","","Static scan complete; no matched patterns (runtime unverified)"
"playwright/e2e/Pages/Tags.spec.ts","240ae5c4e68e86705c122fe3b30fb6e6d73056c927b407ea995f066fd626d7c8","826","6","response-wait: 25; listener-after-action-candidate: 9; reload: 2; all: 1","Static scan complete; matched patterns require contextual review"
"playwright/e2e/Pages/TaskComments.spec.ts","855b0beda93f6bb0e508976acc75066c24687ef55b1136bf700291254b9d2572","560","10","newContext: 8; newPage: 8; response-wait: 1; listener-after-action-candidate: 1","Static scan complete; matched patterns require contextual review"
"playwright/e2e/Pages/TaskFormSettings.spec.ts","64bdcd62fe6db3265b9fafeae11ce1985aa5b9e77cf56447a5d882573a16d303","206","2","response-wait: 4; reload: 1","Static scan complete; matched patterns require contextual review"
"playwright/e2e/Pages/Tasks.spec.ts","1f7621c5c6043dfdc1c68f65bb9726ad01747910b8b798209c6023cb1812f5a8","312","9","","Static scan complete; no matched patterns (runtime unverified)"
"playwright/e2e/Pages/TasksUIFlow.spec.ts","9eaa39411ce8b5eccac93826766759b4bb0e5c2731bfd244b7ae072d76fdf667","537","6","waitForSelector: 4; response-wait: 2","Static scan complete; matched patterns require contextual review"
"playwright/e2e/Pages/TeamAssetsRightPanel.spec.ts","4a6fae359ed0c47a8f649d56f0049c2ea90c8ad6b096a5c61538143261f95711","245","10","","Static scan complete; no matched patterns (runtime unverified)"
"playwright/e2e/Pages/Teams.spec.ts","5f9f8f89c13adfbca5815560647a4a1fd3259da64a42a79d308c6d5f0a481670","1429","21","response-wait: 18; newPage: 4; listener-after-action-candidate: 7; caught-promise: 5; poll-callback: 1; count: 1; isVisible: 1","Static scan complete; matched patterns require contextual review"
"playwright/e2e/Pages/TestSuite.spec.ts","28d328da334f8479c1deb95e263949289ea5a6528d72948918cd366bcfe27b44","378","2","route: 1; response-wait: 11; listener-after-action-candidate: 3; waitForSelector: 1","Static scan complete; matched patterns require contextual review"
"playwright/e2e/Pages/TestSuiteDetailsPage.spec.ts","f3ffae06671df96f3f9996c7af53c85453fbb102899313a344125337f2102dc1","221","1","response-wait: 7; waitForSelector: 1; listener-after-action-candidate: 1","Static scan complete; matched patterns require contextual review"
"playwright/e2e/Pages/UserCreationWithPersona.spec.ts","4eec8acfb16b314edc882519748c83675ce4c0649754bccca315ecaae3511118","74","1","","Static scan complete; no matched patterns (runtime unverified)"
"playwright/e2e/Pages/UserDetails.spec.ts","53c84394db588dc29b195ce43ed5d973434187c8db60f3b7981bfc90a4a2f37f","692","9","newPage: 2; response-wait: 19; listener-after-action-candidate: 8; forced-action: 3","Static scan complete; matched patterns require contextual review"
"playwright/e2e/Pages/Users.spec.ts","018231b9df81b6804fbb8aa4cf24b647145f9934b2324573e7987b4192e8804d","1374","27","newPage: 3; response-wait: 12; caught-promise: 1; poll-callback: 1; count: 4; isVisible: 7; listener-after-action-candidate: 5; all: 3","Static scan complete; matched patterns require contextual review"
"playwright/e2e/Search/SearchNightly.spec.ts","942cc746d731a2aa5448e993964eab171d1d3f84a048472f126e8dd3bfe0ac3d","45","1","response-wait: 1","Static scan complete; matched patterns require contextual review"
"playwright/e2e/Search/SearchRelevance.spec.ts","c8eb14d60e3dbffe1f949b180b6f23e3eafc6418a0bd1a35a2816410225ebc80","698","11","response-wait: 3; listener-after-action-candidate: 1; poll-callback: 9","Static scan complete; matched patterns require contextual review"
"playwright/e2e/Utils/ExplorePageRightPanelUtils.ts","7fe99dda1127d90d6e4070d5254eec4cab88f26b405da9b7a8a765d4b15eb8e4","86","0","catch-block: 1; response-wait: 2","Static scan complete; matched patterns require contextual review"
"playwright/e2e/Utils/RightPanelTestHelpers.ts","240430fad82ad8466252d1230a76350f241b29c53c9a0e562d80e1ab6b3d3258","138","0","","Static scan complete; no matched patterns (runtime unverified)"
"playwright/e2e/Utils/RightPanelTestSuite.ts","6d04d5ec8a4a22dba5bac926c7c4d7e4609f0b3de7f0d83577d7b6fa99df8f6d","226","0","","Static scan complete; no matched patterns (runtime unverified)"
"playwright/e2e/Utils/appConfigMutex.ts","bca6e0d87e331a88138412b357c6c7faacfd03cb04d2f57760b636e335c88b7b","143","0","catch-block: 5; loop-recovery-candidate: 1","Static scan complete; matched patterns require contextual review"
"playwright/e2e/Utils/appMode.ts","71d49980c4328cebfb20d5df9d9999832192c5126749dbbc5f085a2ad1c8f6db","284","0","route: 2; catch-block: 4; caught-promise: 1","Static scan complete; matched patterns require contextual review"
"playwright/e2e/VersionPages/ClassificationVersionPage.spec.ts","fbcb87dc49908b56f04aac7d4fce77e1fc8dd41b7adcab023f7a8330f37bfc87","103","1","response-wait: 4; listener-after-action-candidate: 2","Static scan complete; matched patterns require contextual review"
"playwright/e2e/VersionPages/EntityVersionPages.spec.ts","59dcfd6d51980936dece41199c41d4848e6df6349c8c5cb51fd7ceecbb14635e","613","5","newPage: 1; response-wait: 10","Static scan complete; matched patterns require contextual review"
"playwright/e2e/VersionPages/GlossaryVersionPage.spec.ts","116be49fda15434fb141a148f2e7f181977894fdf50c527c346d9cca8f2cb37b","432","7","reload: 4; response-wait: 6; listener-after-action-candidate: 3; isVisible: 2","Static scan complete; matched patterns require contextual review"
"playwright/e2e/VersionPages/MetricVersionPage.spec.ts","3ab34876a984d4f0c9fb7bef5e5acc554b9149686f67eed47fe4c4a2b1771c17","173","2","response-wait: 1","Static scan complete; matched patterns require contextual review"
"playwright/e2e/VersionPages/ServiceEntityVersionPage.spec.ts","91e0e9d6e17987846e5d64d7340d6d87c505e9b87bf3fa68826449e2dd02e17b","346","1","newPage: 1; catch-block: 1; response-wait: 5; reload: 1","Static scan complete; matched patterns require contextual review"
"playwright/e2e/VersionPages/TestCaseVersionPage.spec.ts","6194c081dfbeec4c4f9684ff0bf477d2a62d6d750b3fa94391c65155630fea2c","185","1","response-wait: 3; listener-after-action-candidate: 3","Static scan complete; matched patterns require contextual review"
"playwright/e2e/VisualRegression/entityDetails.spec.ts","39b5f34d9e12d658a9f98da9e9540b1d26fe9729cd68513a064d6e0151dec97c","88","1","","Static scan complete; no matched patterns (runtime unverified)"
"playwright/e2e/VisualRegression/interactiveStates.spec.ts","fd99e390632e7ce38835f320803af6f39f3831ff54c054605cdc2bf45a7a5c71","80","2","","Static scan complete; no matched patterns (runtime unverified)"
"playwright/e2e/VisualRegression/staticPages.spec.ts","1fbcd9d26132df6721e363daf7c5076ab56b9e902aa8daaed61ec51971b1ea40","108","2","","Static scan complete; no matched patterns (runtime unverified)"
"playwright/e2e/auth.setup.ts","9b17dd442ad6fbcfdab9809be30c711bc1c55bca2cb198e9bf35bc646941a138","318","0","all: 1; newPage: 9; waitForTimeout: 1; catch-block: 1","Static scan complete; matched patterns require contextual review"
"playwright/e2e/bundle.smoke.ts","e7a2eb328ae2fceaedba8aeee1138867d59adffac2839701cbbc5db3c97c6b7e","121","1","poll-callback: 1","Static scan complete; matched patterns require contextual review"
"playwright/e2e/dataInsightApp.ts","6bccede5e957589652c4f9b5a1dfa377ca8102ccd0c8a69043e94472b444f1b1","124","0","waitForTimeout: 1; poll-callback: 1","Static scan complete; matched patterns require contextual review"
"playwright/e2e/entity-data.setup.ts","f94f956d9a2dc2146b51c97216c811db39c02b36f4966905ef70811030739813","29","0","","Static scan complete; no matched patterns (runtime unverified)"
"playwright/e2e/entity-data.teardown.ts","cd62a6d5be76c29c1b84006c5e09c1641707af3ea1207e50b265385352383cb5","44","0","forced-action: 1; catch-block: 1","Static scan complete; matched patterns require contextual review"
"playwright/e2e/fixtures/pages.ts","6b9783349801236a169dc930dfec0020c52e9827509043374229c3d682feee18","107","0","newPage: 1","Static scan complete; matched patterns require contextual review"
"playwright/e2e/nightly/AutoClassification.spec.ts","1c0cedb26bd4bf6893625d203c162cc75b04049596296c16b5091c6b3895355c","106","1","","Static scan complete; no matched patterns (runtime unverified)"
"playwright/e2e/nightly/ContextCenter.spec.ts","c14f072040ce74f04db8676cadde5832d51fb47dcb32565ed9f9606cdacde3ea","466","8","response-wait: 4; reload: 4","Static scan complete; matched patterns require contextual review"
"playwright/e2e/nightly/ServiceIngestion.spec.ts","7c964ff5c3cdb99f5f3dbe343db83090e8afedf53de6e659512db58f52f923f7","680","9","response-wait: 3; route: 3; isVisible: 3; count: 1; waitForTimeout: 1; listener-after-action-candidate: 1","Static scan complete; matched patterns require contextual review"
"playwright/e2e/ontology-rdf.setup.ts","8330b727ae17f558cb9b7f054223891287b76664471a654b9a68fbb8e838eaf5","181","0","poll-callback: 1","Static scan complete; matched patterns require contextual review"
"playwright/e2e/search-rbac.setup.ts","d749fa8e517000369a200589ff3a445be0aabc1479160ee3266059dba8f84cff","26","0","","Static scan complete; no matched patterns (runtime unverified)"
"playwright/e2e/search-rbac.teardown.ts","803eb22f5a2335a69ed2e5018a0d5c412a97d9edf343029792b8f19794584ba5","26","0","","Static scan complete; no matched patterns (runtime unverified)"
"playwright/fixtures/testNamespace.ts","7e810927d22ba894a6754000580e2c0c3bb085fa23a8020cfc475d14d527d116","79","0","catch-block: 1","Static scan complete; matched patterns require contextual review"
"playwright/helper-tests.config.ts","c187d1512259e36e40308b8f39c49e17986dfdae72e5ad8442ed7d9550186677","23","0","","Static scan complete; no matched patterns (runtime unverified)"
"playwright/reporters/PerformanceReporter.ts","bc753750266cc59e21d49f15f8c85cfb9be914a2dd7f579d6d3f69ee29c7ad0d","113","0","","Static scan complete; no matched patterns (runtime unverified)"
"playwright/support/access-control/PoliciesClass.ts","9ed521250987e35248c535220cd3e28e237707509f252196a4096725e3d9bbb9","92","0","","Static scan complete; no matched patterns (runtime unverified)"
"playwright/support/access-control/RolesClass.ts","c58f8213b86807692ab8fb4c5908f4ab6256538355224649a7562ab3bef0ff3e","66","0","","Static scan complete; no matched patterns (runtime unverified)"
"playwright/support/bot/BotClass.ts","8bfc5327b47754affb41932b3ef8d0c3725e33395489a4d5b2161e4b493156b2","118","0","","Static scan complete; no matched patterns (runtime unverified)"
"playwright/support/domain/DataProduct.ts","41c6e8598b0eb50c0a5a95ac968bc732a0196d64f9ae9c5ec266c11c34fe601e","310","0","all: 1","Static scan complete; matched patterns require contextual review"
"playwright/support/domain/Domain.ts","29f1850b20e3fbc66f910a9034542d16cf0b21ceaa1bc51a0c6d6137e40ebcbf","116","0","","Static scan complete; no matched patterns (runtime unverified)"
"playwright/support/domain/SubDomain.ts","679e5778b37faa2f054c2461ca3a207b146662e4f3d3f93aa4975bf6d009a827","112","0","","Static scan complete; no matched patterns (runtime unverified)"
"playwright/support/entity/AlertClass.ts","9c0896962f791cd7a3800688d28a7219d92cb4f62f94e2884160978235ae821b","116","0","","Static scan complete; no matched patterns (runtime unverified)"
"playwright/support/entity/ApiCollectionClass.ts","2096ada5388d219d1b9847eb5a8c203259fa0d4a77c26b2564524f0118fd1303","313","0","response-wait: 1","Static scan complete; matched patterns require contextual review"
"playwright/support/entity/ApiEndpointClass.ts","fba24bb4db569949e0c91c10797873442907921574bdf78f7ad31dcd2ae85e9a","319","0","","Static scan complete; no matched patterns (runtime unverified)"
"playwright/support/entity/BundleTestSuiteClass.ts","8ccc5d310b832fcc4b2987bbb2596f54447a25d3ac2fec23d6d0acdeb75769eb","87","0","","Static scan complete; no matched patterns (runtime unverified)"
"playwright/support/entity/ChartClass.ts","952ed0f7b7c4728b4ee00687819ab85857a5f7fbf5aa18bd3604260f6c95c9dd","184","0","","Static scan complete; no matched patterns (runtime unverified)"
"playwright/support/entity/ContainerClass.ts","428ce81c6813e362fd4b6de7bbdc7e5526722932b28adf869695f1af83c6d14e","303","0","","Static scan complete; no matched patterns (runtime unverified)"
"playwright/support/entity/DashboardClass.ts","11793233ca1adf012e14045b78532789f54adb1b3447f2e5f6e1752fe903610a","270","0","","Static scan complete; no matched patterns (runtime unverified)"
"playwright/support/entity/DashboardDataModelClass.ts","b6b34d4d547ece9f03823a7420b56472177884593412471b2b0fe681753ba4c8","263","0","","Static scan complete; no matched patterns (runtime unverified)"
"playwright/support/entity/DatabaseClass.ts","dffbaf226180454f3b7f3ca2f4fc73f86517d5b7335ee4830f160f0bd96c9a7b","393","0","response-wait: 2","Static scan complete; matched patterns require contextual review"
"playwright/support/entity/DatabaseSchemaClass.ts","bd62315a1e8b14439b2cc4c8d72659822bcdea6069648ccabba3f9e3ff8c635e","192","0","response-wait: 2","Static scan complete; matched patterns require contextual review"
"playwright/support/entity/DirectoryClass.ts","def13e3b2c57ff0c6cb262fb3c0a1e9472ce4a647d7c62a776ffef8841f09748","166","0","","Static scan complete; no matched patterns (runtime unverified)"
"playwright/support/entity/Entity.interface.ts","de30bc5462666c4033286af71d290d334d720532f12491f36b96ad78aeac48b3","146","0","","Static scan complete; no matched patterns (runtime unverified)"
"playwright/support/entity/EntityClass.ts","e26426c2ab1d7640bd64efb90d4174749ba8ddea382700dc1ca92b59b2e1facc","608","0","","Static scan complete; no matched patterns (runtime unverified)"
"playwright/support/entity/EntityDataClass.interface.ts","b56da1ebb265d4417b434b938bef498e5653c4e4b6874974aadca7d3659a35bb","58","0","","Static scan complete; no matched patterns (runtime unverified)"
"playwright/support/entity/EntityDataClass.ts","fd484117d5df884c9ac9ab442206bb5b371bfc89624c39509e54d66ecca439fb","668","0","catch-block: 1","Static scan complete; matched patterns require contextual review"
"playwright/support/entity/FileClass.ts","3b02e8514b1451ee4af15cb53e83b6715e46fd386c556b2ffe31457c77613066","237","0","","Static scan complete; no matched patterns (runtime unverified)"
"playwright/support/entity/KnowledgeCenter.interface.ts","d860c86c7f3f725f2df596deeb34c89ae34ca421e71e98a5a669f96ea1b30f42","58","0","","Static scan complete; no matched patterns (runtime unverified)"
"playwright/support/entity/KnowledgeCenterClass.ts","9c76fbad14fc4cc00b360b14cf1a3a9dbe1062e360f57a88c9c6354740ef13b4","223","0","","Static scan complete; no matched patterns (runtime unverified)"
"playwright/support/entity/MetricClass.ts","74e27e183b3681bed1aff989496a1369ff94c4d2aebc964ad15069bf25e203cb","165","0","","Static scan complete; no matched patterns (runtime unverified)"
"playwright/support/entity/MlModelClass.ts","57f737aac834380bfbe5d62290ee9bc8d2898ede65f8b40beed2a484c253cea2","187","0","","Static scan complete; no matched patterns (runtime unverified)"
"playwright/support/entity/OntologyStudioDataClass.ts","f5d68a85e2308a1535b4c0bd36d8432aa877d45d9aa55d87b19641092dbd7306","498","0","all: 18","Static scan complete; matched patterns require contextual review"
"playwright/support/entity/PipelineClass.ts","2e23c17f716b2893cb0406d4d87d6a74dca2bb64a593516d85ebe9664f12d3c7","221","0","","Static scan complete; no matched patterns (runtime unverified)"
"playwright/support/entity/SearchIndexClass.ts","b3d5e82dd779e523c862904d0e770db70c256fd075e1d3d15d40f76c57dbb26b","238","0","","Static scan complete; no matched patterns (runtime unverified)"
"playwright/support/entity/SpreadsheetClass.ts","a0bf3da0503974b80269427fd89dbde2377027bda525df25889bc31d93569bfb","178","0","","Static scan complete; no matched patterns (runtime unverified)"
"playwright/support/entity/StoredProcedureClass.ts","7e514ccd8fb315bc37dc3b1079b62884f8a2eaa92f5b390e6e34af852fee22c9","238","0","","Static scan complete; no matched patterns (runtime unverified)"
"playwright/support/entity/TableClass.ts","cc4bd334534bfa72a2161c61da2a3cfb5bf42b368fac0e70e2652d0a9cfeb74e","677","0","","Static scan complete; no matched patterns (runtime unverified)"
"playwright/support/entity/TaskClass.ts","4dfe4881fdce0a045296daf9f094f14de7fa46a07ee42a30528fae344a043f12","145","0","","Static scan complete; no matched patterns (runtime unverified)"
"playwright/support/entity/TopicClass.ts","ecec5906fcc583656740a443cd5fa9915b9e8561443881eb16ddaf7c7b1dfae4","231","0","","Static scan complete; no matched patterns (runtime unverified)"
"playwright/support/entity/WorksheetClass.ts","cf6ffcafdd5b2e4d47d1496f3cd727a7c955decd80c8caa2f20392d7a6e6c654","244","0","","Static scan complete; no matched patterns (runtime unverified)"
"playwright/support/entity/ingestion/AirflowIngestionClass.ts","f5f16bf413fa74525bc9155b064610601351bba3a826f5357093efd623872649","69","0","","Static scan complete; no matched patterns (runtime unverified)"
"playwright/support/entity/ingestion/ApiIngestionClass.ts","b05b5c014c0140831c9a5a6e6cd39bb83fb0b461650f1deb1d251a4a18e47126","73","0","","Static scan complete; no matched patterns (runtime unverified)"
"playwright/support/entity/ingestion/BigQueryIngestionClass.ts","fa5e3e9bd80625d323bd8bb4434ac86f5ed37b3d56e154dd8bac739547a58ade","147","0","","Static scan complete; no matched patterns (runtime unverified)"
"playwright/support/entity/ingestion/KafkaIngestionClass.ts","7396f15da70b9d39d37f5c2fe1b6a43167ebe7ad3099587de22a1d333a685c43","98","0","","Static scan complete; no matched patterns (runtime unverified)"
"playwright/support/entity/ingestion/MetabaseIngestionClass.ts","e7c0ca7d6027fe42fa85422377266d736617fa7395bb264dd35b70380ef4011d","97","0","","Static scan complete; no matched patterns (runtime unverified)"
"playwright/support/entity/ingestion/MlFlowIngestionClass.ts","514a66781d95f15d99eae0fb7a2d047db4ddc120c27eb896d8ecf53bd454d9d6","90","0","","Static scan complete; no matched patterns (runtime unverified)"
"playwright/support/entity/ingestion/MySqlIngestionClass.ts","6baf8c0fa52b726db3605c7cbe77b88039151162f1f338f178355d34a1038b26","277","0","isVisible: 3","Static scan complete; matched patterns require contextual review"
"playwright/support/entity/ingestion/PostgresIngestionClass.ts","7049d97f59f1de5c3ac9e7dc1bf30426aa7127cf6c42ce754350d7385231e0ab","213","0","isVisible: 2; response-wait: 1","Static scan complete; matched patterns require contextual review"
"playwright/support/entity/ingestion/RedshiftWithDBTIngestionClass.ts","7b5d301d00a0b5e0d8f577db55d04addcae39668635c6f41380ef021e2c6cba8","303","0","isVisible: 2","Static scan complete; matched patterns require contextual review"
"playwright/support/entity/ingestion/S3IngestionClass.ts","216cf35074d599298cf0d148c78c34e7cafc02ff4786d41c6cc008ea3c11d74f","99","0","","Static scan complete; no matched patterns (runtime unverified)"
"playwright/support/entity/ingestion/ServiceBaseClass.ts","f620e0f36caeab0fde30fa60247613abcf56f569982da3a7e65d4838512ce132","625","0","isVisible: 7; response-wait: 3; reload: 1","Static scan complete; matched patterns require contextual review"
"playwright/support/entity/ingestion/SnowflakeIngestionClass.ts","26e2abefabc852b60d3af5747d9c178955eec3c8af355b447b16f093b5d9af06","100","0","","Static scan complete; no matched patterns (runtime unverified)"
"playwright/support/entity/ingestion/SupersetIngestionClass.ts","bd0827ca44f0ca08e56529710a0fdaf6adb2b4a7617ebed20ab51ddd87d77819","86","0","","Static scan complete; no matched patterns (runtime unverified)"
"playwright/support/entity/service/ApiServiceClass.ts","691a164dc6cf6ab217868d3b3549efae6a0f5ccd0c06f63044b6095c2cdef7e3","107","0","","Static scan complete; no matched patterns (runtime unverified)"
"playwright/support/entity/service/DashboardServiceClass.ts","2203e988156207b9b1076e679e9e8f72fa98ed07a5a9a06d7d37d3d453dbc720","167","0","","Static scan complete; no matched patterns (runtime unverified)"
"playwright/support/entity/service/DatabaseServiceClass.ts","f67a32c55fd79351085e23bf84b7141a2a2b139442d661b498b12943cdfa8f15","119","0","","Static scan complete; no matched patterns (runtime unverified)"
"playwright/support/entity/service/DriveServiceClass.ts","3236f1f5387da0c20a4063bcd1b7e87e596ae25dd55a55a485ad4734640cf817","122","0","","Static scan complete; no matched patterns (runtime unverified)"
"playwright/support/entity/service/MessagingServiceClass.ts","304f85754f159cd62a37a825f0810929eb1a6789e7ecab142b7bedba65a708aa","112","0","","Static scan complete; no matched patterns (runtime unverified)"
"playwright/support/entity/service/MetadataServiceClass.ts","d0b3c1a4d79c842015d91563c6bc85e600dbca6cc46b05d57bf499ec4566f03b","108","0","","Static scan complete; no matched patterns (runtime unverified)"
"playwright/support/entity/service/MlmodelServiceClass.ts","cc0849490170b9c4067fd87ef85a2e3bdca34c3a25e100953ea7caec3c6f0ddb","103","0","","Static scan complete; no matched patterns (runtime unverified)"
"playwright/support/entity/service/PipelineServiceClass.ts","652dc73a6e40df1a2e60620fa2941a9d920f14280e8454ef429c17f0253c304b","104","0","","Static scan complete; no matched patterns (runtime unverified)"
"playwright/support/entity/service/SearchIndexServiceClass.ts","deb131183d331de91fe151434dfacd4808ae7dc5500ea081b8aab35beeecf728","110","0","","Static scan complete; no matched patterns (runtime unverified)"
"playwright/support/entity/service/StorageServiceClass.ts","bca13ef27f2452e90d869a427abef49205553987f4aa477d797b3c8da5b73b62","107","0","","Static scan complete; no matched patterns (runtime unverified)"
"playwright/support/fixtures/base.ts","3b071ca2f85f9500e8fed0347ecfca5ffd587cc804a5ff4e14b60659876644d7","38","0","","Static scan complete; no matched patterns (runtime unverified)"
"playwright/support/fixtures/serverLoad.ts","cf3e6a2ecc01100827295e571ee15e410f75eef6eabf8e329f13a80ea71083be","417","0","catch-block: 2; route: 3","Static scan complete; matched patterns require contextual review"
"playwright/support/fixtures/userPages.ts","088048089c93386b4dd65dc25b88784a1338faff4978a031f7e2731c3a5f2032","104","0","newContext: 7; newPage: 7","Static scan complete; matched patterns require contextual review"
"playwright/support/glossary/Glossary.interface.ts","9e14d2c3a12a48b484e34f07859c4c2ec4ca02cd61ec3a7fea3295ac7a894b20","69","0","","Static scan complete; no matched patterns (runtime unverified)"
"playwright/support/glossary/Glossary.ts","115c16ddacdfddaed578871b31d5473e8f47adceb3154a9dd92da281a17507f6","109","0","","Static scan complete; no matched patterns (runtime unverified)"
"playwright/support/glossary/GlossaryTerm.ts","49c184bce632b84854e2827747f03c250b54f67cdb093b30d1fb3f65ee4ddd3b","180","0","poll-callback: 1; isVisible: 2; response-wait: 2; listener-after-action-candidate: 1","Static scan complete; matched patterns require contextual review"
"playwright/support/interfaces/ConditionalPermissions.interface.ts","e88c1ce086700f438e800683bbac39fbf7dbd46e21c23f7af30e58181fd1dc60","62","0","","Static scan complete; no matched patterns (runtime unverified)"
"playwright/support/interfaces/ServiceForm.interface.ts","55ce70aeaa1b7a6cc0af283ebeeb6f163d265ca128cd996dff90fc126f6165f0","31","0","","Static scan complete; no matched patterns (runtime unverified)"
"playwright/support/learning/LearningResourceClass.ts","2f73a09d57d34df9f0c44a023f3555dd918af393cb12482f2278637a61ea89c2","128","0","","Static scan complete; no matched patterns (runtime unverified)"
"playwright/support/ontology/OntologyRdfFixture.ts","7009801ad0b995763219224417241bee1c215d2f8c20663e54e8597b05202c9d","219","0","poll-callback: 2","Static scan complete; matched patterns require contextual review"
"playwright/support/persona/PersonaClass.ts","68af54ae09a58bb5f74b99e9b69abbbcf0005fbc795880240ecf93c762a56687","84","0","","Static scan complete; no matched patterns (runtime unverified)"
"playwright/support/tag/ClassificationClass.ts","79331f65fc71f3c9c5824f7625da1f6ba983746cad140213e48ecfcaab20659a","97","0","","Static scan complete; no matched patterns (runtime unverified)"
"playwright/support/tag/TagClass.ts","88caad71ea9844f491a0a4c21a072320d4eefa7a5509465229719ea06290a716","148","0","poll-callback: 1; caught-promise: 1; isVisible: 1","Static scan complete; matched patterns require contextual review"
"playwright/support/team/TeamClass.ts","6ce9eac6e5374b097fa344ae24237b3d00c4ebccd6ae8b1a8eeb4abbcc449b7c","158","0","caught-promise: 3; isVisible: 1; response-wait: 1","Static scan complete; matched patterns require contextual review"
"playwright/support/user/AdminClass.ts","0b5268426ac6aede494ffbcf07ec80af5d0b2cd8dc36caf07b5d0d81cdefd1f9","31","0","","Static scan complete; no matched patterns (runtime unverified)"
"playwright/support/user/UserClass.ts","a440dd72f825fac524d9625641c5be9eccdfb8641430ff656b03e415380f699d","364","0","catch-block: 1; response-wait: 2; listener-after-action-candidate: 1; caught-promise: 3; isVisible: 1; route: 1; all: 1","Static scan complete; matched patterns require contextual review"
"playwright/utils/AutoPilot.ts","03457545412d8a88e7587a6cf50c48b95ab14e223945c87f60ec90ee3899a91e","39","0","","Static scan complete; no matched patterns (runtime unverified)"
"playwright/utils/ContextCenterUtil.ts","14d0e6528dc6e286b1c21ed447c65b85f82bb9fdcbf936a66091c22cda3f0f95","1348","0","catch-block: 2; poll-callback: 2; isVisible: 4; response-wait: 13; listener-after-action-candidate: 5; newPage: 1; caught-promise: 4; loop-recovery-candidate: 3; waitForTimeout: 2","Static scan complete; matched patterns require contextual review"
"playwright/utils/KnowledgeCenter.ts","e46034d3d39b1500f47eef34eeb492286a155c9f81e1a975d4be8762d4f4eb0f","923","0","response-wait: 14; listener-after-action-candidate: 2; isVisible: 2; waitForSelector: 8; poll-callback: 1; count: 3; reload: 1; reused-response-promise: 1","Static scan complete; matched patterns require contextual review"
"playwright/utils/activityAPI.ts","2b4d289b0c91c78cb3ab5fdc2483e00ad45bf6a2b6fde0483b456930f232fdcb","401","0","response-wait: 1; poll-callback: 2; caught-promise: 1; catch-block: 1","Static scan complete; matched patterns require contextual review"
"playwright/utils/activityFeed.ts","1e53a05e2e91d62200ba1b2c19a7427e8777dff141fb95d116c417e0e7641638","307","0","response-wait: 7; listener-after-action-candidate: 2; caught-promise: 6; isVisible: 2; waitForSelector: 1","Static scan complete; matched patterns require contextual review"
"playwright/utils/addTestCaseList.ts","16002c7570fe246f0c27546483f15b1761b3b8498f31a16f1fbcc6591d56ed3b","218","0","response-wait: 8; listener-after-action-candidate: 2","Static scan complete; matched patterns require contextual review"
"playwright/utils/admin.ts","7396baa0fddcd88d5746274b23c9b063f4aa5a2198c68281a1021af8a42f87f8","161","0","newContext: 1; catch-block: 3; all: 1; newPage: 1; caught-promise: 1","Static scan complete; matched patterns require contextual review"
"playwright/utils/advancedSearch.ts","137e7f5612285e47267d51eef0bacc02ecb17edd228d8aeb50ec94b506e0793c","744","0","count: 7; isVisible: 1; poll-callback: 1; response-wait: 4; assertion-block-poll: 1","Static scan complete; matched patterns require contextual review"
"playwright/utils/advancedSearchCustomProperty.ts","9f21839ef19f0f26e69bb0ecd32e984ff21fbbf280c981a8f9d97a84436a5442","29","0","response-wait: 1","Static scan complete; matched patterns require contextual review"
"playwright/utils/alert.ts","cb2b16090807e91b2f9afa4978f3f03caa1203de87a6e35b31f38fe8b8bacae0","1253","0","count: 1; isVisible: 2; response-wait: 11; listener-after-action-candidate: 2; poll-callback: 1","Static scan complete; matched patterns require contextual review"
"playwright/utils/apiResponse.test.ts","3031189c40f40ab49e9dd6a6170c49f048762d553ce0441eaabef16649014119","123","4","newContext: 2","Static scan complete; matched patterns require contextual review"
"playwright/utils/apiResponse.ts","ff451b03b706886a5b5e8e91c3097f773232b2f73cc05a778108b8e6ea075e75","190","0","","Static scan complete; no matched patterns (runtime unverified)"
"playwright/utils/applications.ts","85fbfe830b328b11b11776a9ce7b47801b53411ee2be794511ca14e5b160d2c0","145","0","isVisible: 2","Static scan complete; matched patterns require contextual review"
"playwright/utils/assetDrawerQuickFilter.ts","03bdfac0c272272cfc066f2e6b3d225a2532df436f045403979a8a5e73b71f9d","179","0","","Static scan complete; no matched patterns (runtime unverified)"
"playwright/utils/asyncDelete.ts","7186dbeaa15a8d2d25c0d404e80002a3afcd23d3c320540aaf7583753e2879f2","178","0","route: 1; response-wait: 1","Static scan complete; matched patterns require contextual review"
"playwright/utils/auditLogs.ts","1975560711c4a2a92a4b4c9c5480d549ad0babb298b6bfd2c6df290dc061e661","75","0","response-wait: 1; poll-callback: 1","Static scan complete; matched patterns require contextual review"
"playwright/utils/autoClassification.ts","f40945049bb9ca0305cc760e87f03915b3eb8d132cb88afaf14f987c11bbb8a4","94","0","isVisible: 2","Static scan complete; matched patterns require contextual review"
"playwright/utils/autopilotExecution.test.ts","1d4b4752a4ffaa71fba1d309a54e8a69ca027cadf90b63e7e24bba3806f90a6a","122","1","newContext: 1","Static scan complete; matched patterns require contextual review"
"playwright/utils/autopilotExecution.ts","fda4184d7a46c96d16faa649ef5eb961ef3f00023d52d489667a88365a2ba584","108","0","poll-callback: 1; catch-block: 1","Static scan complete; matched patterns require contextual review"
"playwright/utils/bot.ts","3b408fcf2a3f370c08b90911aaf94c1412c702811922feed6ab2e06e95c6a880","380","0","response-wait: 12; listener-after-action-candidate: 4; isVisible: 2","Static scan complete; matched patterns require contextual review"
"playwright/utils/certification.ts","82af45d5960d696360030d0a011f1285a2c2508dfe955c0a180be55b94240c8a","76","0","response-wait: 1","Static scan complete; matched patterns require contextual review"
"playwright/utils/common.ts","8f53e39cf275274e9f20f09d2535815d9c70581eefc9bc4e225f6a05655edfe5","1886","0","assertion-block-poll: 1; count: 10; newContext: 2; catch-block: 2; caught-promise: 3; newPage: 3; response-wait: 28; listener-after-action-candidate: 3; isVisible: 6; action-inside-poll-candidate: 2; poll-callback: 6; reload: 7; waitForTimeout: 2; loop-recovery-candidate: 1; all: 2","Static scan complete; matched patterns require contextual review"
"playwright/utils/conditionalPermissions.ts","684f449577406f8a8a62e685936ebaeb039d5d61f0e5274cac9744ad71042edb","305","0","","Static scan complete; no matched patterns (runtime unverified)"
"playwright/utils/contractExecution.test.ts","7c1e4b39fd28cd51e7f0988a1517c99f14072acd6ed03df4dff924413fa87805","88","1","newContext: 1","Static scan complete; matched patterns require contextual review"
"playwright/utils/contractExecution.ts","fd8cd1d13795fd584dabfe916cc323c947d956dfc2e822dca9c2e7c0df3e9040","67","0","poll-callback: 1","Static scan complete; matched patterns require contextual review"
"playwright/utils/customMetric.ts","0ce30944c40160cc26d21f3ab2f72297cbd5c350a730f13dc4fa5ecd810d810b","161","0","response-wait: 3; listener-after-action-candidate: 2","Static scan complete; matched patterns require contextual review"
"playwright/utils/customProperty.ts","b3792180bb27d15582f9c9ea926f52b973c6d1076092010b240c7896938ee2f0","1568","0","isVisible: 3; forced-action: 4; response-wait: 10; listener-after-action-candidate: 5; route: 2; reload: 1; loop-recovery-candidate: 2; count: 2; all: 1","Static scan complete; matched patterns require contextual review"
"playwright/utils/customPropertyAdvancedSearchUtils.ts","d62d14905b9c0ee597bb02cdf55ff488ce307cd902d4b31c5ae391c192ed128f","648","0","assertion-block-poll: 1; isVisible: 2; response-wait: 4; poll-callback: 1","Static scan complete; matched patterns require contextual review"
"playwright/utils/customizeDetails.ts","5c741a2c95f93ed0c1c03d59450105b4eb7180c6019cb97e37f852354f5e3e52","135","0","","Static scan complete; no matched patterns (runtime unverified)"
"playwright/utils/customizeLandingPage.ts","7678b3616ffab2df2f2aad61b23e3eb2d771ead1ce33eab57152ae789b861bc7","873","0","count: 4; caught-promise: 13; response-wait: 7; listener-after-action-candidate: 1; isVisible: 7; poll-callback: 5; waitForTimeout: 2","Static scan complete; matched patterns require contextual review"
"playwright/utils/customizeNavigation.ts","ecf8cbf5e6155c9e74cb58d33d6aa057da2aea37acd042607c658cab36c36d37","124","0","count: 1","Static scan complete; matched patterns require contextual review"
"playwright/utils/dataAssetRules.ts","8bb7dcf19c08132a930816544166d43c8178a8b61412f31bf741a315995a4b90","62","0","","Static scan complete; no matched patterns (runtime unverified)"
"playwright/utils/dataContracts.ts","6d7c2ecf10f522f717123fc17c1c216731188ae23ee21f4a899756eb2f73eabd","552","0","response-wait: 8; reload: 1","Static scan complete; matched patterns require contextual review"
"playwright/utils/dataInsight.ts","ba73bcaee94dd0ef77e0681cd4f71e8f4ca015fa285cd4bc9022859d2f3eaa41","71","0","","Static scan complete; no matched patterns (runtime unverified)"
"playwright/utils/dataMarketplace.ts","d9865fbd4398b35631a9a184e35110f69803136143a61e563668f2a453d0d07e","87","0","response-wait: 1; listener-after-action-candidate: 1","Static scan complete; matched patterns require contextual review"
"playwright/utils/dataQuality.ts","bf2a6110165b269328be80cdd6de26dc2c3dc7a2b49a804140f6e51b46c53d79","837","0","catch-block: 2; response-wait: 23; listener-after-action-candidate: 10; loop-recovery-candidate: 2; poll-callback: 2","Static scan complete; matched patterns require contextual review"
"playwright/utils/dateTime.ts","624e9481cdc4fb8fcee538ea86beca5098b0495311d19096773ed640620bcc0c","49","0","","Static scan complete; no matched patterns (runtime unverified)"
"playwright/utils/destination.ts","229a41140812dd98c6553ccdb9d9e09e3a5a6682977de52e0257822bfdbaa2b3","107","0","","Static scan complete; no matched patterns (runtime unverified)"
"playwright/utils/domain.ts","8d34184d141ec38f9fe5d647bffc3a3bf87bc101a9814b5cc35fa6ecb1ee466e","2279","0","response-wait: 54; listener-after-action-candidate: 19; reused-response-promise: 6; all: 6; poll-callback: 9; action-inside-poll-candidate: 7; reload: 5; isVisible: 8; caught-promise: 2; waitForTimeout: 2; catch-block: 1","Static scan complete; matched patterns require contextual review"
"playwright/utils/domainIsolationUtils.ts","c8f92261bb1d8a63b42092d801b681de86537a5af8dca0735f16d8e3fc43d15b","126","0","catch-block: 1; response-wait: 2","Static scan complete; matched patterns require contextual review"
"playwright/utils/dragDrop.ts","2289c441da8cff0da21d1818a921f2b5b51d6b41420cc1443023fb70a444c306","137","0","assertion-block-poll: 1; boundingBox: 1; all: 1; caught-promise: 2; forced-action: 1; response-wait: 2","Static scan complete; matched patterns require contextual review"
"playwright/utils/entity.ts","fda43b1b119f6beaa8676d44f98158642963077979feda8f1f916e349d610525","2818","0","caught-promise: 9; response-wait: 62; reused-response-promise: 6; listener-after-action-candidate: 24; isVisible: 10; catch-block: 4; count: 2; waitForTimeout: 2; reload: 8; poll-callback: 2; action-inside-poll-candidate: 1; forced-action: 1","Static scan complete; matched patterns require contextual review"
"playwright/utils/entityImport.ts","7a3fa073f8d9ddf79fa74a3d558a52bb1915e426a92ef85e9476e435aba11f3d","38","0","","Static scan complete; no matched patterns (runtime unverified)"
"playwright/utils/entityPanel.ts","328c5ffc6cdefe3e9fabf11f5f10d3e721c1df76ab1eb9e444ea7e569000cc7a","708","0","loop-recovery-candidate: 1; caught-promise: 1; response-wait: 7; listener-after-action-candidate: 1; poll-callback: 2; count: 4; isVisible: 6; forced-action: 5","Static scan complete; matched patterns require contextual review"
"playwright/utils/entityPermissionUtils.ts","1f708682681646f6069e3b60d5c85df9adcab9971e484bc3577ae0bc37edf048","730","0","all: 2; isVisible: 7; response-wait: 2; newPage: 1","Static scan complete; matched patterns require contextual review"
"playwright/utils/explore.ts","0f66fe96679fbf16cf8d5750d02ec9e8a36fbf8a7ff2e20d1623edee2306af15","461","0","caught-promise: 3; isVisible: 3; response-wait: 8; listener-after-action-candidate: 1","Static scan complete; matched patterns require contextual review"
"playwright/utils/exploreDiscovery.ts","034b2e2dc3eda6fd23028483a723b16146eb438b887f0cae455f6581c8e01ad6","104","0","","Static scan complete; no matched patterns (runtime unverified)"
"playwright/utils/form.ts","f7442d983ffc737c615c85f0590878c4435b30b615b03ee8b523cc85be7e3a29","52","0","","Static scan complete; no matched patterns (runtime unverified)"
"playwright/utils/glossary.ts","22e56fb86df8f9fa93211c3ece3128145177b21309636271a7f81052c3fcd8dc","2321","0","response-wait: 41; caught-promise: 5; poll-callback: 3; catch-block: 2; reload: 1; listener-after-action-candidate: 13; isVisible: 3; count: 2; assertion-block-poll: 1; boundingBox: 1; forced-action: 1; loop-recovery-candidate: 1; reused-response-promise: 2; waitForSelector: 1","Static scan complete; matched patterns require contextual review"
"playwright/utils/headerBreadcrumbUtils.ts","22a523033efb1fb2e16529f39762028ef630a08055bded3551f981d1fa23b3e3","76","0","count: 2","Static scan complete; matched patterns require contextual review"
"playwright/utils/importUtils.ts","3d2810a748fbe765ae72630716e28fa767e6a186aee0a5a185ed55c30dbef047","1792","0","catch-block: 1; caught-promise: 2; forced-action: 5; count: 4; isVisible: 5; response-wait: 8; listener-after-action-candidate: 1; loop-recovery-candidate: 1; all: 1","Static scan complete; matched patterns require contextual review"
"playwright/utils/incidentManager.ts","35dda12524b3912e4703f6fd484ed3fb5043ccf738a3895774223b4290f9ae54","360","0","poll-callback: 2; caught-promise: 7; isVisible: 7; response-wait: 2; reload: 1; listener-after-action-candidate: 1","Static scan complete; matched patterns require contextual review"
"playwright/utils/ingestionExecution.test.ts","3a4609d342728b67f6ddc66c95339f8d80375d07c9d75e0bcef2b97a3841b75b","147","2","newContext: 2","Static scan complete; matched patterns require contextual review"
"playwright/utils/ingestionExecution.ts","93598bcd3bc4eb567be4ceac43ece53bb88d5f5e3a9be3c94df4783c1298193c","127","0","poll-callback: 1; catch-block: 1","Static scan complete; matched patterns require contextual review"
"playwright/utils/initialSetup.ts","928b838dfff901ad6bff05af786a9e144ac3d774adc597e4a22373ecaf0ce03a","58","0","","Static scan complete; no matched patterns (runtime unverified)"
"playwright/utils/inputOutputPorts.ts","c83e72307cedb87d172f1aa8285cea49ce5c5f6c7cdbac7cffb07dc78c8c71fa","137","0","","Static scan complete; no matched patterns (runtime unverified)"
"playwright/utils/lineage.ts","26ad9512f184dbf964f37ed663527742bce668545edf85789d53435f0ce675c1","1130","0","waitForTimeout: 2; assertion-block-poll: 1; response-wait: 13; all: 3; boundingBox: 3; listener-after-action-candidate: 5; reload: 1; catch-block: 1","Static scan complete; matched patterns require contextual review"
"playwright/utils/login.ts","f25b4da403f147b8e8e17c0ca437bef90141222f16f1d67ea81c5a61eb876607","30","0","","Static scan complete; no matched patterns (runtime unverified)"
"playwright/utils/logsViewer.ts","240c90df520afa99545111c48857371af4de71aa45ef61c6b0454363f2306526","451","0","waitForTimeout: 1; poll-callback: 1; loop-recovery-candidate: 1; isVisible: 2; response-wait: 1; assertion-block-poll: 1; action-inside-poll-candidate: 2; reload: 1","Static scan complete; matched patterns require contextual review"
"playwright/utils/metric.ts","9e17a19ab5c8a1441bd31e9ecf5fbf83646f04c48911b60f9d4e225ea4e3ea12","333","0","response-wait: 13; listener-after-action-candidate: 6; waitForTimeout: 1; forced-action: 1","Static scan complete; matched patterns require contextual review"
"playwright/utils/mockOidc.ts","e7632b9d8e2cd5638e356bfe373721a31090530de098ab3cd2c991e26596e28d","145","0","loop-recovery-candidate: 1; catch-block: 1","Static scan complete; matched patterns require contextual review"
"playwright/utils/myData.ts","4c5f2380a097fd56f52061c5ea023a3a129081492ed2c53b9d65aa00b759835c","39","0","response-wait: 1; listener-after-action-candidate: 1","Static scan complete; matched patterns require contextual review"
"playwright/utils/navbar.ts","76486f0674849c32a602b3f82902fa31bc078ca2bc4cefb90a87fb235f660e98","153","0","loop-recovery-candidate: 1; caught-promise: 1; isVisible: 1; waitForTimeout: 1","Static scan complete; matched patterns require contextual review"
"playwright/utils/nestedColumnUpdatesUtils.ts","de98b72253b8b0a93d28b95e4040de8b68e158304e2e7102f28be9b33f11d4cd","1077","0","isVisible: 2","Static scan complete; matched patterns require contextual review"
"playwright/utils/notificationAlert.ts","108ff45aa4f72187dd2258b9985c864a93b33f8cafa3aaf748b4d71dc16ce231","615","0","all: 1; response-wait: 5; listener-after-action-candidate: 3; reused-response-promise: 2","Static scan complete; matched patterns require contextual review"
"playwright/utils/observabilityAlert.ts","2c1d30fbc75545c77d755d7690ffcf2397a8c3e0a43c54f57a1c86fc671599a4","833","0","response-wait: 3; loop-recovery-candidate: 2; listener-after-action-candidate: 2; forced-action: 2","Static scan complete; matched patterns require contextual review"
"playwright/utils/odcsImportExport.ts","f2bf76ab72ad33a05e0e851836ba92903ac99de4fe3910f3336e2d224e1bb774","106","0","isVisible: 1; response-wait: 1; listener-after-action-candidate: 1","Static scan complete; matched patterns require contextual review"
"playwright/utils/ontologyStudio.ts","d6bda68549ea9811a1c66b556df38bc1bfe8c00a1c31467d6df6903193e31b89","610","0","isVisible: 1; response-wait: 4; listener-after-action-candidate: 2; caught-promise: 1; catch-block: 6; newPage: 1; all: 1","Static scan complete; matched patterns require contextual review"
"playwright/utils/permission.ts","e255bf7a0c4aa61dc78fa0f8b86f2647c677f28d0252a3193e7e9afa276036d2","280","0","response-wait: 1; listener-after-action-candidate: 1","Static scan complete; matched patterns require contextual review"
"playwright/utils/persona.ts","9b3e42d27fcbdc0043bb06d6311d20938c72195269e9ff67b4c02e1197743d77","214","0","response-wait: 5; loop-recovery-candidate: 1; isVisible: 1","Static scan complete; matched patterns require contextual review"
"playwright/utils/personaAIContext.ts","d339aa3ef574f85a20c8cdcfb5fd1cadc0d0d9c9746a35e34f787ffe27d028f5","69","0","response-wait: 1","Static scan complete; matched patterns require contextual review"
"playwright/utils/polling.test.ts","87afd0601b0798b4b3f4bdda6339af71ac994737f872f64eb886bfcf0b663ca9","102","1","newContext: 1","Static scan complete; matched patterns require contextual review"
"playwright/utils/polling.ts","a15a7cc989e93e78ff3f37d780e301546c515f9553dd0274249a43d0ece3024a","115","0","","Static scan complete; no matched patterns (runtime unverified)"
"playwright/utils/profilerForm.ts","774c033da6288f8299215432704ff05389a8bbe4b4c081ffb59fa0687d39e390","121","0","isVisible: 2; response-wait: 2","Static scan complete; matched patterns require contextual review"
"playwright/utils/query.ts","66409faab559f7bbaddabcd346c1d54bd92c076f97e44794af31cb28af0816c2","65","0","response-wait: 2; listener-after-action-candidate: 2","Static scan complete; matched patterns require contextual review"
"playwright/utils/reviewerWorkflow.utils.ts","3f9ee2c80ca04676b2f6c2d4d465801ef1f7de8789fb2a611d0e27a4ac4752ec","321","0","waitForSelector: 2; response-wait: 3; listener-after-action-candidate: 3; poll-callback: 1","Static scan complete; matched patterns require contextual review"
"playwright/utils/rightPanelNavigation.ts","bcbcd456375c033e60e6bb6c0fa02b56dc806e8196e9315046c7ed3928277b41","194","0","poll-callback: 1; count: 1; caught-promise: 2; isVisible: 1; response-wait: 3","Static scan complete; matched patterns require contextual review"
"playwright/utils/roles.ts","fcbdd63e660d3a6ab9b6563ee361015ed34559c4130fdb270e8fb739f5531639","63","0","isVisible: 2; loop-recovery-candidate: 2","Static scan complete; matched patterns require contextual review"
"playwright/utils/sampleData.ts","22d80e11391fbae56c91a0e5495c92d048a655215344d5cc2e00ca9781917369","74","0","response-wait: 1","Static scan complete; matched patterns require contextual review"
"playwright/utils/scheduleInterval.ts","7b350b0a246ef6ec1435446bdee4f2fdea9823b337c88fe06b30109b81dbfc5d","94","0","","Static scan complete; no matched patterns (runtime unverified)"
"playwright/utils/scopedLocators.ts","0b20c64283ea78010e4a7e89975b0c86d3e79115c8d57abd8975803e475dfb40","60","0","","Static scan complete; no matched patterns (runtime unverified)"
"playwright/utils/search.ts","d27cb94c6f7b8f9c9875c6a2ec7fd626519c0993b0a9f4cf599f1c29210a3469","108","0","poll-callback: 2","Static scan complete; matched patterns require contextual review"
"playwright/utils/searchAggregation.ts","a7db31f44a0e3b6c1285105547875967a9762521e8b19cf6b0684bbf85e164f9","88","0","response-wait: 1","Static scan complete; matched patterns require contextual review"
"playwright/utils/searchRBAC.ts","c8e7b3431b0b22c0e62e096afdcd1e98a03efcbc3b933ef32f1cd396687b6b35","226","0","response-wait: 5; listener-after-action-candidate: 3; assertion-block-poll: 1; poll-callback: 1","Static scan complete; matched patterns require contextual review"
"playwright/utils/searchSettingUtils.ts","4d2dcbb236d26612a90e55d5cc0aea1d6241fc43cffcf7d01bff94a9f3d10f55","179","0","boundingBox: 1; poll-callback: 1","Static scan complete; matched patterns require contextual review"
"playwright/utils/service.ts","4fdcd4e68c2541469673ac25a2854f2a82fe9dd79cb73d70ba8bd6e4e5079216","65","0","response-wait: 2","Static scan complete; matched patterns require contextual review"
"playwright/utils/serviceFormUtils.ts","cb06d57747117658512cdf28c6fe32f15d5a121bb6f606d6da104925afb75d4a","173","0","caught-promise: 2; isVisible: 3; forced-action: 5","Static scan complete; matched patterns require contextual review"
"playwright/utils/serviceIngestion.ts","22f40db37a0a23eaa31d3a6d172df578b01add204b44ae49d8592365c235dcbf","417","0","response-wait: 3; listener-after-action-candidate: 1; reload: 1; all: 1; catch-block: 2; route: 4; caught-promise: 5; isVisible: 2","Static scan complete; matched patterns require contextual review"
"playwright/utils/sessionRenewal.ts","61716143f02ed910fca56d98a5487f4c06edfdfc7484d1360b3c775907479e59","189","0","","Static scan complete; no matched patterns (runtime unverified)"
"playwright/utils/sidebar.ts","0fa7c01b1d66a44a11cd32bebd4544016701ee8ef26f3b7db05f57cc73928f86","76","0","","Static scan complete; no matched patterns (runtime unverified)"
"playwright/utils/sso-providers/index.ts","fe472fe4baab0e69aa8a210a0ad9e70490925a1478115f4ba1c9539a4d5110f2","61","0","","Static scan complete; no matched patterns (runtime unverified)"
"playwright/utils/sso-providers/keycloak-oidc-public.ts","9e5da3b49e06e29ed9a791f9ee565bd719721fba3ae7fd0df165cd4de4b8310d","77","0","","Static scan complete; no matched patterns (runtime unverified)"
"playwright/utils/sso-providers/keycloak-oidc.ts","428b99b12ce3e03319a1cf210003b8341b73a51c6a4fa7e2d23ad868a246c5da","88","0","","Static scan complete; no matched patterns (runtime unverified)"
"playwright/utils/sso-providers/keycloak-saml.ts","a84e0894c2929e4fa9cfa7d1db3f060d1440eda895ed2882f28d3a66cc35fa11","140","0","","Static scan complete; no matched patterns (runtime unverified)"
"playwright/utils/sso-providers/okta.ts","ab699e0082422d8196750ecf9c046c1443b3d36c49abd77a54c82ec21cd02012","85","0","","Static scan complete; no matched patterns (runtime unverified)"
"playwright/utils/sso-providers/saml-metadata.ts","f63f5ffcf0d8c9152503bc3a0f5129ae03458845e57b9d9f5678f470300529ff","60","0","","Static scan complete; no matched patterns (runtime unverified)"
"playwright/utils/sso.ts","7630db60a183ef09215f28b8c83ebe8be64e4f19b443122b13e2bc369dd9f2f3","426","0","count: 5; isVisible: 3; response-wait: 2","Static scan complete; matched patterns require contextual review"
"playwright/utils/ssoAuth.ts","ed3d6e851f466e12c6db02559487d088f0257e70be8d6d90364aa19664072b46","212","0","","Static scan complete; no matched patterns (runtime unverified)"
"playwright/utils/ssoLogin.ts","16c3d08afeb5dd76228ff478cbce6d7b51f8712a2247b7b6793c0f2920a0232e","59","0","","Static scan complete; no matched patterns (runtime unverified)"
"playwright/utils/suggestions.ts","d577d6f8d3743a0000583d562b1e560094e7b43eb493a12c9321d1054ec13abb","76","0","","Static scan complete; no matched patterns (runtime unverified)"
"playwright/utils/table.ts","cfe967bdcb195b1fb519fce2d8e672b3ce4b670fcfe13a92ea9207536ce08d35","27","0","","Static scan complete; no matched patterns (runtime unverified)"
"playwright/utils/tag.ts","3278f72060ea10e0a6b59182aae4d4ddfa4439cf416dd979454eabcae7798172","670","0","response-wait: 17; listener-after-action-candidate: 6; reused-response-promise: 2; poll-callback: 1; count: 1; reload: 1; all: 2","Static scan complete; matched patterns require contextual review"
"playwright/utils/task.ts","21fe7a5b5c01cae2522271858aa39c32f7d969761a24b16f5d1c201a52e618f8","217","0","response-wait: 7; listener-after-action-candidate: 1","Static scan complete; matched patterns require contextual review"
"playwright/utils/taskAPI.ts","a25dc1b3692201e1018434cf39dc503bdfa942c5b1ee4a0cada96d57e4d78275","98","0","loop-recovery-candidate: 1","Static scan complete; matched patterns require contextual review"
"playwright/utils/taskWorkflow.ts","94e200568171dee3926ebda17e587ab371860a11fecc63e330cbd6a886abaf69","591","0","caught-promise: 30; response-wait: 2; isVisible: 16; waitForSelector: 1; count: 1; poll-callback: 1","Static scan complete; matched patterns require contextual review"
"playwright/utils/team.ts","3af6bae4ab9ee175d498a9050bad9c509f33aa6f7bd3e033029b928df179679e","845","0","response-wait: 16; all: 1; catch-block: 1; caught-promise: 5; isVisible: 4; listener-after-action-candidate: 5; poll-callback: 3; count: 3; reload: 1","Static scan complete; matched patterns require contextual review"
"playwright/utils/teamSubscription.ts","d13134db29711cf011b0047d072e8054261fcee3be01dc3f46a40c34d2b8f7c9","117","0","response-wait: 2; listener-after-action-candidate: 1","Static scan complete; matched patterns require contextual review"
"playwright/utils/testCases.ts","6fc3e4ff1323ab8f976c99664b2c1401510288b31d45a284f74bda3475dcff5d","924","0","response-wait: 23; listener-after-action-candidate: 5; all: 1; loop-recovery-candidate: 1; isVisible: 1","Static scan complete; matched patterns require contextual review"
"playwright/utils/testDefinitionFilter.ts","5102280bd093f4f5ba0d7e206d0e1f1c78136537a100f49c4f53fb6db9027c6b","65","0","response-wait: 2; listener-after-action-candidate: 1","Static scan complete; matched patterns require contextual review"
"playwright/utils/testSuitePipeline.test.ts","3a3da49b7334417fe6cd1e0ed1eb44c417bf14ddc33d9ab7adcf1cd863aaa2be","113","1","newContext: 1","Static scan complete; matched patterns require contextual review"
"playwright/utils/tier.ts","a8f6f5ed9baf036e42afa916ace212e4c60d07eec970f4895795ca4678c5b2e5","38","0","response-wait: 1","Static scan complete; matched patterns require contextual review"
"playwright/utils/tokenStorage.ts","16cadac6de95724e1dcf01d8af3cf9c1790db0b025a19a7344a7a308d775b4b6","201","0","catch-block: 4","Static scan complete; matched patterns require contextual review"
"playwright/utils/user.ts","8726b415454d1cb9e20f7ec98028b637c201ee96f9d1e2330b36d63adad0d354","892","0","response-wait: 32; newContext: 1; newPage: 1; listener-after-action-candidate: 8; waitForTimeout: 1; reused-response-promise: 2","Static scan complete; matched patterns require contextual review"
"playwright/utils/userDetails.ts","3c7566a09dff9123d145741ee02572f966d5818b5318aad82a81acc6f7111741","81","0","response-wait: 2; caught-promise: 1; isVisible: 1; forced-action: 2","Static scan complete; matched patterns require contextual review"
"playwright/utils/version.ts","4292458973c35a0e038f3242753001477d7c945d2f78b12b07e09b4d85223890","120","0","action-inside-poll-candidate: 1; poll-callback: 1; caught-promise: 2; reload: 1; response-wait: 1; listener-after-action-candidate: 1","Static scan complete; matched patterns require contextual review"
"playwright/utils/visualRegression.ts","6c1f0e9c9b33ed1245ae98114598ff8d964949e57ed3e54ce25cd246fc4368f3","51","0","","Static scan complete; no matched patterns (runtime unverified)"
"playwright/utils/waitHelpers.ts","8469b048cd81a049aaee750d5258e620e8888fb5839b29493e6e71e959510003","75","0","response-wait: 2","Static scan complete; matched patterns require contextual review"
"playwright/utils/webhook.ts","86fbf4489c748761110b4fded15aa9c5bc9d09605533c4704fce64fbcf5e4c9b","154","0","catch-block: 2; loop-recovery-candidate: 1","Static scan complete; matched patterns require contextual review"
"playwright/utils/websocket.ts","2492c0ea4c670d18dfcaa2e55dc2aa7bba476f732c9c65df22308b4ab1fc403a","191","0","catch-block: 1","Static scan complete; matched patterns require contextual review"
"playwright/utils/widgetFilters.ts","9a87241285913ef6c1da15495747bde72099f763bd1671da659ce5f37a81cc5f","320","0","response-wait: 1; caught-promise: 1","Static scan complete; matched patterns require contextual review"
