source,class,covered,missed,percent,passed
openmetadata-service/src/main/java/org/openmetadata/csv/EntityCsv.java,org/openmetadata/csv/EntityCsv,1172,89,92.9421094369548,True
openmetadata-service/src/main/java/org/openmetadata/csv/EntityCsv.java,org/openmetadata/csv/EntityCsv$ImportResult,0,1,0.0,False
openmetadata-service/src/main/java/org/openmetadata/csv/EntityCsv.java,org/openmetadata/csv/EntityCsv$PendingEntityOperation,7,0,100.0,True
openmetadata-service/src/main/java/org/openmetadata/csv/EntityCsv.java,org/openmetadata/csv/EntityCsv$TableUpdateContext,5,0,100.0,True
openmetadata-mcp/src/main/java/org/openmetadata/mcp/tools/CommonUtils.java,org/openmetadata/mcp/tools/CommonUtils,33,75,30.555555555555557,False
openmetadata-mcp/src/main/java/org/openmetadata/mcp/tools/CreateEntityTool.java,org/openmetadata/mcp/tools/CreateEntityTool,174,48,78.37837837837837,False
openmetadata-mcp/src/main/java/org/openmetadata/mcp/tools/CreateTestCaseTool.java,org/openmetadata/mcp/tools/CreateTestCaseTool,52,4,92.85714285714286,True
openmetadata-mcp/src/main/java/org/openmetadata/mcp/tools/EntityCreationSpec.java,org/openmetadata/mcp/tools/EntityCreationSpec,26,1,96.29629629629629,True
openmetadata-mcp/src/main/java/org/openmetadata/mcp/tools/PatchEntityTool.java,org/openmetadata/mcp/tools/PatchEntityTool,63,0,100.0,True
openmetadata-mcp/src/main/java/org/openmetadata/mcp/tools/TestDefinitionsTool.java,org/openmetadata/mcp/tools/TestDefinitionsTool,44,4,91.66666666666667,True
openmetadata-service/src/main/java/org/openmetadata/service/Entity.java,org/openmetadata/service/Entity,320,38,89.3854748603352,False
openmetadata-service/src/main/java/org/openmetadata/service/Entity.java,org/openmetadata/service/Entity$EntityList,11,3,78.57142857142857,False
openmetadata-service/src/main/java/org/openmetadata/service/OpenMetadataApplication.java,org/openmetadata/service/OpenMetadataApplication,478,84,85.05338078291815,False
openmetadata-service/src/main/java/org/openmetadata/service/OpenMetadataApplication.java,org/openmetadata/service/OpenMetadataApplication$1,1,0,100.0,True
openmetadata-service/src/main/java/org/openmetadata/service/OpenMetadataApplication.java,org/openmetadata/service/OpenMetadataApplication$2,2,0,100.0,True
openmetadata-service/src/main/java/org/openmetadata/service/OpenMetadataApplication.java,org/openmetadata/service/OpenMetadataApplication$3,2,0,100.0,True
openmetadata-service/src/main/java/org/openmetadata/service/OpenMetadataApplication.java,org/openmetadata/service/OpenMetadataApplication$4,4,0,100.0,True
openmetadata-service/src/main/java/org/openmetadata/service/OpenMetadataApplication.java,org/openmetadata/service/OpenMetadataApplication$ManagedShutdown,15,0,100.0,True
openmetadata-service/src/main/java/org/openmetadata/service/OpenMetadataApplication.java,org/openmetadata/service/OpenMetadataApplication$WebSocketSessionValidator,28,7,80.0,False
openmetadata-service/src/main/java/org/openmetadata/service/TypeRegistry.java,org/openmetadata/service/TypeRegistry,89,32,73.55371900826447,False
openmetadata-service/src/main/java/org/openmetadata/service/aicontext/AIContextBuilder.java,org/openmetadata/service/aicontext/AIContextBuilder,508,122,80.63492063492063,False
openmetadata-service/src/main/java/org/openmetadata/service/aicontext/AIContextFinder.java,org/openmetadata/service/aicontext/AIContextFinder,65,70,48.148148148148145,False
openmetadata-service/src/main/java/org/openmetadata/service/aicontext/AIContextFinder.java,org/openmetadata/service/aicontext/AIContextFinder$CandidateAsset,1,0,100.0,True
openmetadata-service/src/main/java/org/openmetadata/service/aicontext/AIContextFinder.java,org/openmetadata/service/aicontext/AIContextFinder$FoundContext,1,1,50.0,False
openmetadata-service/src/main/java/org/openmetadata/service/apps/AbstractNativeApplication.java,org/openmetadata/service/apps/AbstractNativeApplication,180,19,90.45226130653266,True
openmetadata-service/src/main/java/org/openmetadata/service/apps/ApplicationContext.java,org/openmetadata/service/apps/ApplicationContext,39,3,92.85714285714286,True
openmetadata-service/src/main/java/org/openmetadata/service/apps/ApplicationHandler.java,org/openmetadata/service/apps/ApplicationHandler,118,95,55.39906103286385,False
openmetadata-service/src/main/java/org/openmetadata/service/apps/bundles/autoPilot/AutoPilotApp.java,org/openmetadata/service/apps/bundles/autoPilot/AutoPilotApp,41,28,59.42028985507246,False
openmetadata-service/src/main/java/org/openmetadata/service/apps/bundles/cache/CacheWarmupApp.java,org/openmetadata/service/apps/bundles/cache/CacheWarmupApp,38,408,8.52017937219731,False
openmetadata-service/src/main/java/org/openmetadata/service/apps/bundles/cache/CacheWarmupApp.java,org/openmetadata/service/apps/bundles/cache/CacheWarmupApp$1,1,0,100.0,True
openmetadata-service/src/main/java/org/openmetadata/service/apps/bundles/cache/CacheWarmupApp.java,org/openmetadata/service/apps/bundles/cache/CacheWarmupApp$2,1,0,100.0,True
openmetadata-service/src/main/java/org/openmetadata/service/apps/bundles/cache/CacheWarmupApp.java,org/openmetadata/service/apps/bundles/cache/CacheWarmupApp$3,0,1,0.0,False
openmetadata-service/src/main/java/org/openmetadata/service/apps/bundles/dataContracts/DataContractValidationApp.java,org/openmetadata/service/apps/bundles/dataContracts/DataContractValidationApp,6,167,3.468208092485549,False
openmetadata-service/src/main/java/org/openmetadata/service/apps/bundles/insights/DataInsightsReportApp.java,org/openmetadata/service/apps/bundles/insights/DataInsightsReportApp,1,267,0.373134328358209,False
openmetadata-service/src/main/java/org/openmetadata/service/apps/bundles/insights/DataInsightsReportApp.java,org/openmetadata/service/apps/bundles/insights/DataInsightsReportApp$TimeConfig,0,1,0.0,False
openmetadata-service/src/main/java/org/openmetadata/service/apps/bundles/insights/workflows/dataAssets/processors/enricher/VersionResolver.java,org/openmetadata/service/apps/bundles/insights/workflows/dataAssets/processors/enricher/VersionResolver,36,3,92.3076923076923,True
openmetadata-service/src/main/java/org/openmetadata/service/apps/bundles/insights/workflows/webAnalytics/processors/WebAnalyticsUserActivityProcessor.java,org/openmetadata/service/apps/bundles/insights/workflows/webAnalytics/processors/WebAnalyticsUserActivityProcessor,5,67,6.944444444444445,False
openmetadata-service/src/main/java/org/openmetadata/service/apps/bundles/rdf/RdfIndexApp.java,org/openmetadata/service/apps/bundles/rdf/RdfIndexApp,360,340,51.42857142857143,False
openmetadata-service/src/main/java/org/openmetadata/service/apps/bundles/rdf/RdfIndexApp.java,org/openmetadata/service/apps/bundles/rdf/RdfIndexApp$IndexingTask,4,0,100.0,True
openmetadata-service/src/main/java/org/openmetadata/service/apps/bundles/rdf/distributed/DistributedRdfIndexCoordinator.java,org/openmetadata/service/apps/bundles/rdf/distributed/DistributedRdfIndexCoordinator,328,244,57.34265734265734,False
openmetadata-service/src/main/java/org/openmetadata/service/apps/bundles/rdf/distributed/DistributedRdfIndexCoordinator.java,org/openmetadata/service/apps/bundles/rdf/distributed/DistributedRdfIndexCoordinator$1,1,0,100.0,True
openmetadata-service/src/main/java/org/openmetadata/service/apps/bundles/searchIndex/DistributedIndexingStrategy.java,org/openmetadata/service/apps/bundles/searchIndex/DistributedIndexingStrategy,238,29,89.13857677902622,False
openmetadata-service/src/main/java/org/openmetadata/service/apps/bundles/searchIndex/ReindexingOrchestrator.java,org/openmetadata/service/apps/bundles/searchIndex/ReindexingOrchestrator,290,32,90.06211180124224,True
openmetadata-service/src/main/java/org/openmetadata/service/apps/bundles/searchIndex/ReindexingOrchestrator.java,org/openmetadata/service/apps/bundles/searchIndex/ReindexingOrchestrator$1,1,0,100.0,True
openmetadata-service/src/main/java/org/openmetadata/service/apps/bundles/searchIndex/ReindexingOrchestrator.java,org/openmetadata/service/apps/bundles/searchIndex/ReindexingOrchestrator$2,1,0,100.0,True
openmetadata-service/src/main/java/org/openmetadata/service/apps/bundles/searchIndex/distributed/DistributedSearchIndexCoordinator.java,org/openmetadata/service/apps/bundles/searchIndex/distributed/DistributedSearchIndexCoordinator,702,30,95.90163934426229,True
openmetadata-service/src/main/java/org/openmetadata/service/apps/bundles/searchIndex/distributed/DistributedSearchIndexExecutor.java,org/openmetadata/service/apps/bundles/searchIndex/distributed/DistributedSearchIndexExecutor,502,61,89.1651865008881,False
openmetadata-service/src/main/java/org/openmetadata/service/apps/bundles/searchIndex/distributed/DistributedSearchIndexExecutor.java,org/openmetadata/service/apps/bundles/searchIndex/distributed/DistributedSearchIndexExecutor$ExecutionResult,5,0,100.0,True
openmetadata-service/src/main/java/org/openmetadata/service/apps/bundles/searchIndex/distributed/PartitionCalculator.java,org/openmetadata/service/apps/bundles/searchIndex/distributed/PartitionCalculator,130,7,94.8905109489051,True
openmetadata-service/src/main/java/org/openmetadata/service/apps/bundles/searchIndex/distributed/PartitionWorker.java,org/openmetadata/service/apps/bundles/searchIndex/distributed/PartitionWorker,343,29,92.20430107526882,True
openmetadata-service/src/main/java/org/openmetadata/service/apps/bundles/searchIndex/distributed/PartitionWorker.java,org/openmetadata/service/apps/bundles/searchIndex/distributed/PartitionWorker$BatchResult,1,0,100.0,True
openmetadata-service/src/main/java/org/openmetadata/service/apps/bundles/searchIndex/distributed/PartitionWorker.java,org/openmetadata/service/apps/bundles/searchIndex/distributed/PartitionWorker$PartitionResult,5,0,100.0,True
openmetadata-service/src/main/java/org/openmetadata/service/apps/scheduler/OmAppJobListener.java,org/openmetadata/service/apps/scheduler/OmAppJobListener,144,11,92.90322580645162,True
openmetadata-service/src/main/java/org/openmetadata/service/cache/CacheBundle.java,org/openmetadata/service/cache/CacheBundle,88,14,86.27450980392157,False
openmetadata-service/src/main/java/org/openmetadata/service/cache/CacheBundle.java,org/openmetadata/service/cache/CacheBundle$CacheHealthCheck,0,13,0.0,False
openmetadata-service/src/main/java/org/openmetadata/service/cache/CacheBundle.java,org/openmetadata/service/cache/CacheBundle$CacheLifecycleManager,9,2,81.81818181818181,False
openmetadata-service/src/main/java/org/openmetadata/service/cache/CacheProvider.java,org/openmetadata/service/cache/CacheProvider,4,19,17.391304347826086,False
openmetadata-service/src/main/java/org/openmetadata/service/cache/CachedEntityDao.java,org/openmetadata/service/cache/CachedEntityDao,122,39,75.77639751552795,False
openmetadata-service/src/main/java/org/openmetadata/service/cache/CachedEntityDao.java,org/openmetadata/service/cache/CachedEntityDao$Entry,1,0,100.0,True
openmetadata-service/src/main/java/org/openmetadata/service/cache/CachedReadBundle.java,org/openmetadata/service/cache/CachedReadBundle,71,43,62.280701754385966,False
openmetadata-service/src/main/java/org/openmetadata/service/cache/CachedReadBundle.java,org/openmetadata/service/cache/CachedReadBundle$Dto,1,0,100.0,True
openmetadata-service/src/main/java/org/openmetadata/service/cache/CachedReadBundle.java,org/openmetadata/service/cache/CachedReadBundle$Snapshot,1,0,100.0,True
openmetadata-service/src/main/java/org/openmetadata/service/cache/Invalidatable.java,org/openmetadata/service/cache/Invalidatable,0,0,,True
openmetadata-service/src/main/java/org/openmetadata/service/cache/RedisCacheProvider.java,org/openmetadata/service/cache/RedisCacheProvider,335,166,66.86626746506985,False
openmetadata-service/src/main/java/org/openmetadata/service/context/center/ContextFileProcessingService.java,org/openmetadata/service/context/center/ContextFileProcessingService,213,50,80.98859315589354,False
openmetadata-service/src/main/java/org/openmetadata/service/context/center/ContextFileProcessingService.java,org/openmetadata/service/context/center/ContextFileProcessingService$1,2,3,40.0,False
openmetadata-service/src/main/java/org/openmetadata/service/context/center/ContextFileProcessingService.java,org/openmetadata/service/context/center/ContextFileProcessingService$ConditionalUpdateExhaustedException,2,0,100.0,True
openmetadata-service/src/main/java/org/openmetadata/service/context/center/ContextMemoryReconciler.java,org/openmetadata/service/context/center/ContextMemoryReconciler,109,3,97.32142857142857,True
openmetadata-service/src/main/java/org/openmetadata/service/context/center/ContextMemoryReconciler.java,org/openmetadata/service/context/center/ContextMemoryReconciler$Counts,0,0,,True
openmetadata-service/src/main/java/org/openmetadata/service/context/center/ContextMemoryReconciler.java,org/openmetadata/service/context/center/ContextMemoryReconciler$ReconcileResult,1,0,100.0,True
openmetadata-service/src/main/java/org/openmetadata/service/context/center/FileContextProcessingEngine.java,org/openmetadata/service/context/center/FileContextProcessingEngine,0,34,0.0,False
openmetadata-service/src/main/java/org/openmetadata/service/context/center/PageContextProcessingEngine.java,org/openmetadata/service/context/center/PageContextProcessingEngine,78,11,87.64044943820225,False
openmetadata-service/src/main/java/org/openmetadata/service/context/entity/DefaultContextEntityPromptLoader.java,org/openmetadata/service/context/entity/DefaultContextEntityPromptLoader,14,72,16.27906976744186,False
openmetadata-service/src/main/java/org/openmetadata/service/context/entity/DefaultContextEntityPromptLoader.java,org/openmetadata/service/context/entity/DefaultContextEntityPromptLoader$LoaderDependencies,0,1,0.0,False
openmetadata-service/src/main/java/org/openmetadata/service/csv/BulkImportVersioning.java,org/openmetadata/service/csv/BulkImportVersioning,18,2,90.0,True
openmetadata-service/src/main/java/org/openmetadata/service/csv/CsvImportExportJobHandler.java,org/openmetadata/service/csv/CsvImportExportJobHandler,170,32,84.15841584158416,False
openmetadata-service/src/main/java/org/openmetadata/service/csv/CsvImportExportJobHandler.java,org/openmetadata/service/csv/CsvImportExportJobHandler$1,8,0,100.0,True
openmetadata-service/src/main/java/org/openmetadata/service/csv/CsvImportExportJobHandler.java,org/openmetadata/service/csv/CsvImportExportJobHandler$2,8,0,100.0,True
openmetadata-service/src/main/java/org/openmetadata/service/csv/CsvImportExportJobHandler.java,org/openmetadata/service/csv/CsvImportExportJobHandler$RowCountingOutputStream,13,7,65.0,False
openmetadata-service/src/main/java/org/openmetadata/service/entity/EntityBulkAssembly.java,org/openmetadata/service/entity/EntityBulkAssembly,76,0,100.0,True
openmetadata-service/src/main/java/org/openmetadata/service/entity/EntityBulkCallbacks.java,org/openmetadata/service/entity/EntityBulkCallbacks,15,0,100.0,True
openmetadata-service/src/main/java/org/openmetadata/service/entity/EntityCommandAssembly.java,org/openmetadata/service/entity/EntityCommandAssembly,90,7,92.78350515463917,True
openmetadata-service/src/main/java/org/openmetadata/service/entity/EntityDeletionAssembly.java,org/openmetadata/service/entity/EntityDeletionAssembly,139,2,98.58156028368795,True
openmetadata-service/src/main/java/org/openmetadata/service/entity/EntityDeletionCallbacks.java,org/openmetadata/service/entity/EntityDeletionCallbacks,39,2,95.1219512195122,True
openmetadata-service/src/main/java/org/openmetadata/service/entity/EntityFieldPolicy.java,org/openmetadata/service/entity/EntityFieldPolicy,25,0,100.0,True
openmetadata-service/src/main/java/org/openmetadata/service/entity/EntityMetadataAssembly.java,org/openmetadata/service/entity/EntityMetadataAssembly,133,0,100.0,True
openmetadata-service/src/main/java/org/openmetadata/service/entity/EntityModule.java,org/openmetadata/service/entity/EntityModule,0,0,,True
openmetadata-service/src/main/java/org/openmetadata/service/entity/EntityModuleDependencies.java,org/openmetadata/service/entity/EntityModuleDependencies,7,0,100.0,True
openmetadata-service/src/main/java/org/openmetadata/service/entity/EntityModuleFactory.java,org/openmetadata/service/entity/EntityModuleFactory,12,0,100.0,True
openmetadata-service/src/main/java/org/openmetadata/service/entity/EntityModuleServices.java,org/openmetadata/service/entity/EntityModuleServices,1,0,100.0,True
openmetadata-service/src/main/java/org/openmetadata/service/entity/EntityMutationAssembly.java,org/openmetadata/service/entity/EntityMutationAssembly,82,3,96.47058823529412,True
openmetadata-service/src/main/java/org/openmetadata/service/entity/EntityQueryAssembly.java,org/openmetadata/service/entity/EntityQueryAssembly,65,0,100.0,True
openmetadata-service/src/main/java/org/openmetadata/service/entity/EntityQueryCallbacks.java,org/openmetadata/service/entity/EntityQueryCallbacks,13,0,100.0,True
openmetadata-service/src/main/java/org/openmetadata/service/entity/EntityStorageAssembly.java,org/openmetadata/service/entity/EntityStorageAssembly,30,1,96.7741935483871,True
openmetadata-service/src/main/java/org/openmetadata/service/entity/EntityWriteCallbacks.java,org/openmetadata/service/entity/EntityWriteCallbacks,22,2,91.66666666666667,True
openmetadata-service/src/main/java/org/openmetadata/service/entity/bootstrap/EntitySeedInitializer.java,org/openmetadata/service/entity/bootstrap/EntitySeedInitializer,27,0,100.0,True
openmetadata-service/src/main/java/org/openmetadata/service/entity/bootstrap/EntitySeedInitializer.java,org/openmetadata/service/entity/bootstrap/EntitySeedInitializer$Operations,1,0,100.0,True
openmetadata-service/src/main/java/org/openmetadata/service/entity/bootstrap/EntitySeedResources.java,org/openmetadata/service/entity/bootstrap/EntitySeedResources,16,0,100.0,True
openmetadata-service/src/main/java/org/openmetadata/service/entity/bootstrap/EntitySeedResources.java,org/openmetadata/service/entity/bootstrap/EntitySeedResources$Finder,0,0,,True
openmetadata-service/src/main/java/org/openmetadata/service/entity/bootstrap/EntitySeedResources.java,org/openmetadata/service/entity/bootstrap/EntitySeedResources$Reader,0,0,,True
openmetadata-service/src/main/java/org/openmetadata/service/entity/bootstrap/EntitySeedResources.java,org/openmetadata/service/entity/bootstrap/EntitySeedResources$Source,1,0,100.0,True
openmetadata-service/src/main/java/org/openmetadata/service/entity/bulk/CsvImportSummary.java,org/openmetadata/service/entity/bulk/CsvImportSummary,29,0,100.0,True
openmetadata-service/src/main/java/org/openmetadata/service/entity/bulk/EntityBulkJobs.java,org/openmetadata/service/entity/bulk/EntityBulkJobs,72,4,94.73684210526316,True
openmetadata-service/src/main/java/org/openmetadata/service/entity/bulk/EntityBulkJobs.java,org/openmetadata/service/entity/bulk/EntityBulkJobs$Authorization,1,0,100.0,True
openmetadata-service/src/main/java/org/openmetadata/service/entity/bulk/EntityBulkJobs.java,org/openmetadata/service/entity/bulk/EntityBulkJobs$Job,1,0,100.0,True
openmetadata-service/src/main/java/org/openmetadata/service/entity/bulk/EntityBulkJobs.java,org/openmetadata/service/entity/bulk/EntityBulkJobs$Policy,4,0,100.0,True
openmetadata-service/src/main/java/org/openmetadata/service/entity/bulk/EntityBulkMetrics.java,org/openmetadata/service/entity/bulk/EntityBulkMetrics,29,0,100.0,True
openmetadata-service/src/main/java/org/openmetadata/service/entity/bulk/EntityBulkMutation.java,org/openmetadata/service/entity/bulk/EntityBulkMutation,0,0,,True
openmetadata-service/src/main/java/org/openmetadata/service/entity/bulk/EntityBulkOperations.java,org/openmetadata/service/entity/bulk/EntityBulkOperations,0,0,,True
openmetadata-service/src/main/java/org/openmetadata/service/entity/bulk/EntityBulkPreparation.java,org/openmetadata/service/entity/bulk/EntityBulkPreparation,58,0,100.0,True
openmetadata-service/src/main/java/org/openmetadata/service/entity/bulk/EntityBulkPreparation.java,org/openmetadata/service/entity/bulk/EntityBulkPreparation$Failure,1,0,100.0,True
openmetadata-service/src/main/java/org/openmetadata/service/entity/bulk/EntityBulkPreparation.java,org/openmetadata/service/entity/bulk/EntityBulkPreparation$Hooks,1,0,100.0,True
openmetadata-service/src/main/java/org/openmetadata/service/entity/bulk/EntityBulkPreparation.java,org/openmetadata/service/entity/bulk/EntityBulkPreparation$Result,4,0,100.0,True
openmetadata-service/src/main/java/org/openmetadata/service/entity/bulk/EntityBulkPreparation.java,org/openmetadata/service/entity/bulk/EntityBulkPreparation$Results,16,0,100.0,True
openmetadata-service/src/main/java/org/openmetadata/service/entity/bulk/EntityBulkService.java,org/openmetadata/service/entity/bulk/EntityBulkService,103,4,96.26168224299066,True
openmetadata-service/src/main/java/org/openmetadata/service/entity/bulk/EntityBulkService.java,org/openmetadata/service/entity/bulk/EntityBulkService$Creators,1,0,100.0,True
openmetadata-service/src/main/java/org/openmetadata/service/entity/bulk/EntityBulkService.java,org/openmetadata/service/entity/bulk/EntityBulkService$EventFactory,0,0,,True
openmetadata-service/src/main/java/org/openmetadata/service/entity/bulk/EntityBulkService.java,org/openmetadata/service/entity/bulk/EntityBulkService$Events,1,0,100.0,True
openmetadata-service/src/main/java/org/openmetadata/service/entity/bulk/EntityBulkService.java,org/openmetadata/service/entity/bulk/EntityBulkService$Outcome,18,0,100.0,True
openmetadata-service/src/main/java/org/openmetadata/service/entity/bulk/EntityBulkService.java,org/openmetadata/service/entity/bulk/EntityBulkService$Partition,1,0,100.0,True
openmetadata-service/src/main/java/org/openmetadata/service/entity/bulk/EntityBulkService.java,org/openmetadata/service/entity/bulk/EntityBulkService$Request,1,0,100.0,True
openmetadata-service/src/main/java/org/openmetadata/service/entity/bulk/EntityBulkService.java,org/openmetadata/service/entity/bulk/EntityBulkService$Services,1,0,100.0,True
openmetadata-service/src/main/java/org/openmetadata/service/entity/bulk/EntityBulkService.java,org/openmetadata/service/entity/bulk/EntityBulkService$SingleCreate,0,0,,True
openmetadata-service/src/main/java/org/openmetadata/service/entity/bulk/EntityBulkUpdateService.java,org/openmetadata/service/entity/bulk/EntityBulkUpdateService,177,12,93.65079365079364,True
openmetadata-service/src/main/java/org/openmetadata/service/entity/bulk/EntityBulkUpdateService.java,org/openmetadata/service/entity/bulk/EntityBulkUpdateService$Boundary,1,0,100.0,True
openmetadata-service/src/main/java/org/openmetadata/service/entity/bulk/EntityBulkUpdateService.java,org/openmetadata/service/entity/bulk/EntityBulkUpdateService$Effects,1,0,100.0,True
openmetadata-service/src/main/java/org/openmetadata/service/entity/bulk/EntityBulkUpdateService.java,org/openmetadata/service/entity/bulk/EntityBulkUpdateService$Original,1,0,100.0,True
openmetadata-service/src/main/java/org/openmetadata/service/entity/bulk/EntityBulkUpdateService.java,org/openmetadata/service/entity/bulk/EntityBulkUpdateService$Persistence,1,0,100.0,True
openmetadata-service/src/main/java/org/openmetadata/service/entity/bulk/EntityBulkUpdateService.java,org/openmetadata/service/entity/bulk/EntityBulkUpdateService$Preparation,1,0,100.0,True
openmetadata-service/src/main/java/org/openmetadata/service/entity/bulk/EntityBulkUpdateService.java,org/openmetadata/service/entity/bulk/EntityBulkUpdateService$Request,1,0,100.0,True
openmetadata-service/src/main/java/org/openmetadata/service/entity/bulk/EntityBulkUpdateService.java,org/openmetadata/service/entity/bulk/EntityBulkUpdateService$Results,1,0,100.0,True
openmetadata-service/src/main/java/org/openmetadata/service/entity/bulk/EntityBulkUpdateService.java,org/openmetadata/service/entity/bulk/EntityBulkUpdateService$Snapshot,1,0,100.0,True
openmetadata-service/src/main/java/org/openmetadata/service/entity/bulk/EntityCsvChangeLog.java,org/openmetadata/service/entity/bulk/EntityCsvChangeLog,33,0,100.0,True
openmetadata-service/src/main/java/org/openmetadata/service/entity/bulk/EntityCsvChangeLog.java,org/openmetadata/service/entity/bulk/EntityCsvChangeLog$Boundary,1,0,100.0,True
openmetadata-service/src/main/java/org/openmetadata/service/entity/bulk/EntityCsvChangeLog.java,org/openmetadata/service/entity/bulk/EntityCsvChangeLog$Persistence,1,0,100.0,True
openmetadata-service/src/main/java/org/openmetadata/service/entity/bulk/EntityCsvChangeLog.java,org/openmetadata/service/entity/bulk/EntityCsvChangeLog$Preparation,1,0,100.0,True
openmetadata-service/src/main/java/org/openmetadata/service/entity/bulk/EntityStaleDeletion.java,org/openmetadata/service/entity/bulk/EntityStaleDeletion,54,0,100.0,True
openmetadata-service/src/main/java/org/openmetadata/service/entity/bulk/EntityStaleDeletion.java,org/openmetadata/service/entity/bulk/EntityStaleDeletion$Delete,0,0,,True
openmetadata-service/src/main/java/org/openmetadata/service/entity/bulk/EntityStaleDeletion.java,org/openmetadata/service/entity/bulk/EntityStaleDeletion$Options,1,0,100.0,True
openmetadata-service/src/main/java/org/openmetadata/service/entity/bulk/EntityStaleDeletion.java,org/openmetadata/service/entity/bulk/EntityStaleDeletion$Outcome,18,0,100.0,True
openmetadata-service/src/main/java/org/openmetadata/service/entity/bulk/EntityStaleDeletion.java,org/openmetadata/service/entity/bulk/EntityStaleDeletion$Scopes,1,0,100.0,True
openmetadata-service/src/main/java/org/openmetadata/service/entity/bulk/StaleEntityPlanner.java,org/openmetadata/service/entity/bulk/StaleEntityPlanner,27,2,93.10344827586206,True
openmetadata-service/src/main/java/org/openmetadata/service/entity/bulk/StaleEntityPlanner.java,org/openmetadata/service/entity/bulk/StaleEntityPlanner$Candidate,1,0,100.0,True
openmetadata-service/src/main/java/org/openmetadata/service/entity/cache/CacheBundleLayers.java,org/openmetadata/service/entity/cache/CacheBundleLayers,10,0,100.0,True
openmetadata-service/src/main/java/org/openmetadata/service/entity/cache/EntityCacheEpochs.java,org/openmetadata/service/entity/cache/EntityCacheEpochs,34,0,100.0,True
openmetadata-service/src/main/java/org/openmetadata/service/entity/cache/EntityCacheInvalidation.java,org/openmetadata/service/entity/cache/EntityCacheInvalidation,76,0,100.0,True
openmetadata-service/src/main/java/org/openmetadata/service/entity/cache/EntityCacheInvalidation.java,org/openmetadata/service/entity/cache/EntityCacheInvalidation$Effects,1,0,100.0,True
openmetadata-service/src/main/java/org/openmetadata/service/entity/cache/EntityCacheInvalidation.java,org/openmetadata/service/entity/cache/EntityCacheInvalidation$Repair,0,0,,True
openmetadata-service/src/main/java/org/openmetadata/service/entity/cache/EntityCacheKeys.java,org/openmetadata/service/entity/cache/EntityCacheKeys,3,0,100.0,True
openmetadata-service/src/main/java/org/openmetadata/service/entity/cache/EntityCacheLayers.java,org/openmetadata/service/entity/cache/EntityCacheLayers,0,0,,True
openmetadata-service/src/main/java/org/openmetadata/service/entity/cache/EntityCacheLoaders.java,org/openmetadata/service/entity/cache/EntityCacheLoaders,11,0,100.0,True
openmetadata-service/src/main/java/org/openmetadata/service/entity/cache/EntityCacheLoaders.java,org/openmetadata/service/entity/cache/EntityCacheLoaders$EntityLoaderWithId,58,2,96.66666666666667,True
openmetadata-service/src/main/java/org/openmetadata/service/entity/cache/EntityCacheLoaders.java,org/openmetadata/service/entity/cache/EntityCacheLoaders$EntityLoaderWithName,66,6,91.66666666666667,True
openmetadata-service/src/main/java/org/openmetadata/service/entity/cache/EntityCacheLoaders.java,org/openmetadata/service/entity/cache/EntityCacheLoaders$LoaderRaceException,2,0,100.0,True
openmetadata-service/src/main/java/org/openmetadata/service/entity/cache/EntityCachePolicy.java,org/openmetadata/service/entity/cache/EntityCachePolicy,3,0,100.0,True
openmetadata-service/src/main/java/org/openmetadata/service/entity/cache/EntityCacheRepair.java,org/openmetadata/service/entity/cache/EntityCacheRepair,51,5,91.07142857142857,True
openmetadata-service/src/main/java/org/openmetadata/service/entity/cache/EntityCacheRepair.java,org/openmetadata/service/entity/cache/EntityCacheRepair$RepairRequest,2,0,100.0,True
openmetadata-service/src/main/java/org/openmetadata/service/entity/cache/EntityCacheSource.java,org/openmetadata/service/entity/cache/EntityCacheSource,0,0,,True
openmetadata-service/src/main/java/org/openmetadata/service/entity/cache/EntityCacheTargets.java,org/openmetadata/service/entity/cache/EntityCacheTargets,65,0,100.0,True
openmetadata-service/src/main/java/org/openmetadata/service/entity/cache/EntityCacheTargets.java,org/openmetadata/service/entity/cache/EntityCacheTargets$Descendants,0,0,,True
openmetadata-service/src/main/java/org/openmetadata/service/entity/cache/EntityCacheTargets.java,org/openmetadata/service/entity/cache/EntityCacheTargets$SearchDeferral,0,0,,True
openmetadata-service/src/main/java/org/openmetadata/service/entity/cache/EntityCacheTargets.java,org/openmetadata/service/entity/cache/EntityCacheTargets$TaggedPage,0,0,,True
openmetadata-service/src/main/java/org/openmetadata/service/entity/cache/EntityCaches.java,org/openmetadata/service/entity/cache/EntityCaches,28,1,96.55172413793103,True
openmetadata-service/src/main/java/org/openmetadata/service/entity/cache/EntityCaches.java,org/openmetadata/service/entity/cache/EntityCaches$1,4,0,100.0,True
openmetadata-service/src/main/java/org/openmetadata/service/entity/cache/EntityLocalCache.java,org/openmetadata/service/entity/cache/EntityLocalCache,19,0,100.0,True
openmetadata-service/src/main/java/org/openmetadata/service/entity/cache/EntityLocalCache.java,org/openmetadata/service/entity/cache/EntityLocalCache$Caches,1,0,100.0,True
openmetadata-service/src/main/java/org/openmetadata/service/entity/cache/EntitySharedCacheInvalidation.java,org/openmetadata/service/entity/cache/EntitySharedCacheInvalidation,58,0,100.0,True
openmetadata-service/src/main/java/org/openmetadata/service/entity/delete/EntityChildDeletion.java,org/openmetadata/service/entity/delete/EntityChildDeletion,28,0,100.0,True
openmetadata-service/src/main/java/org/openmetadata/service/entity/delete/EntityChildDeletion.java,org/openmetadata/service/entity/delete/EntityChildDeletion$Deletion,0,0,,True
openmetadata-service/src/main/java/org/openmetadata/service/entity/delete/EntityChildDeletion.java,org/openmetadata/service/entity/delete/EntityChildDeletion$Hooks,1,0,100.0,True
openmetadata-service/src/main/java/org/openmetadata/service/entity/delete/EntityChildDeletion.java,org/openmetadata/service/entity/delete/EntityChildDeletion$Preparation,0,0,,True
openmetadata-service/src/main/java/org/openmetadata/service/entity/delete/EntityDeleteCommands.java,org/openmetadata/service/entity/delete/EntityDeleteCommands,21,0,100.0,True
openmetadata-service/src/main/java/org/openmetadata/service/entity/delete/EntityDeleteCommands.java,org/openmetadata/service/entity/delete/EntityDeleteCommands$Completion,1,0,100.0,True
openmetadata-service/src/main/java/org/openmetadata/service/entity/delete/EntityDeleteCommands.java,org/openmetadata/service/entity/delete/EntityDeleteCommands$Readers,1,0,100.0,True
openmetadata-service/src/main/java/org/openmetadata/service/entity/delete/EntityDeletes.java,org/openmetadata/service/entity/delete/EntityDeletes,0,0,,True
openmetadata-service/src/main/java/org/openmetadata/service/entity/delete/EntityDeletionGuard.java,org/openmetadata/service/entity/delete/EntityDeletionGuard,27,0,100.0,True
openmetadata-service/src/main/java/org/openmetadata/service/entity/delete/EntityDeletionPersistence.java,org/openmetadata/service/entity/delete/EntityDeletionPersistence,30,0,100.0,True
openmetadata-service/src/main/java/org/openmetadata/service/entity/delete/EntityDeletionPersistence.java,org/openmetadata/service/entity/delete/EntityDeletionPersistence$Hooks,1,0,100.0,True
openmetadata-service/src/main/java/org/openmetadata/service/entity/delete/EntityDeletionPersistence.java,org/openmetadata/service/entity/delete/EntityDeletionPersistence$Policy,1,0,100.0,True
openmetadata-service/src/main/java/org/openmetadata/service/entity/delete/EntityDeletionPersistence.java,org/openmetadata/service/entity/delete/EntityDeletionPersistence$Schema,1,0,100.0,True
openmetadata-service/src/main/java/org/openmetadata/service/entity/delete/EntityDeletionReader.java,org/openmetadata/service/entity/delete/EntityDeletionReader,18,0,100.0,True
openmetadata-service/src/main/java/org/openmetadata/service/entity/delete/EntityDeletionReader.java,org/openmetadata/service/entity/delete/EntityDeletionReader$Queries,1,0,100.0,True
openmetadata-service/src/main/java/org/openmetadata/service/entity/delete/EntityDeletionService.java,org/openmetadata/service/entity/delete/EntityDeletionService,28,0,100.0,True
openmetadata-service/src/main/java/org/openmetadata/service/entity/delete/EntityDeletionService.java,org/openmetadata/service/entity/delete/EntityDeletionService$Children,1,0,100.0,True
openmetadata-service/src/main/java/org/openmetadata/service/entity/delete/EntityDeletionService.java,org/openmetadata/service/entity/delete/EntityDeletionService$Guard,0,0,,True
openmetadata-service/src/main/java/org/openmetadata/service/entity/delete/EntityDeletionService.java,org/openmetadata/service/entity/delete/EntityDeletionService$Mutation,1,0,100.0,True
openmetadata-service/src/main/java/org/openmetadata/service/entity/delete/EntityDeletionService.java,org/openmetadata/service/entity/delete/EntityDeletionService$Preparation,1,0,100.0,True
openmetadata-service/src/main/java/org/openmetadata/service/entity/delete/EntityDeletionService.java,org/openmetadata/service/entity/delete/EntityDeletionService$Request,1,0,100.0,True
openmetadata-service/src/main/java/org/openmetadata/service/entity/delete/EntityDeletionService.java,org/openmetadata/service/entity/delete/EntityDeletionService$Scope,0,0,,True
openmetadata-service/src/main/java/org/openmetadata/service/entity/delete/EntityDependentCleanup.java,org/openmetadata/service/entity/delete/EntityDependentCleanup,46,0,100.0,True
openmetadata-service/src/main/java/org/openmetadata/service/entity/delete/EntityDependentCleanup.java,org/openmetadata/service/entity/delete/EntityDependentCleanup$Identifiers,8,0,100.0,True
openmetadata-service/src/main/java/org/openmetadata/service/entity/delete/EntityDependentCleanup.java,org/openmetadata/service/entity/delete/EntityDependentCleanup$Policy,1,0,100.0,True
openmetadata-service/src/main/java/org/openmetadata/service/entity/delete/EntityDependentCleanup.java,org/openmetadata/service/entity/delete/EntityDependentCleanup$Rows,1,0,100.0,True
openmetadata-service/src/main/java/org/openmetadata/service/entity/delete/EntityFeedCleanup.java,org/openmetadata/service/entity/delete/EntityFeedCleanup,39,0,100.0,True
openmetadata-service/src/main/java/org/openmetadata/service/entity/delete/EntityFeedCleanup.java,org/openmetadata/service/entity/delete/EntityFeedCleanup$Artifact,1,0,100.0,True
openmetadata-service/src/main/java/org/openmetadata/service/entity/delete/EntityHardDeletion.java,org/openmetadata/service/entity/delete/EntityHardDeletion,39,0,100.0,True
openmetadata-service/src/main/java/org/openmetadata/service/entity/delete/EntityHardDeletion.java,org/openmetadata/service/entity/delete/EntityHardDeletion$Cleanup,1,0,100.0,True
openmetadata-service/src/main/java/org/openmetadata/service/entity/delete/EntityHardDeletion.java,org/openmetadata/service/entity/delete/EntityHardDeletion$Completion,1,0,100.0,True
openmetadata-service/src/main/java/org/openmetadata/service/entity/delete/EntityHardDeletion.java,org/openmetadata/service/entity/delete/EntityHardDeletion$Preparation,1,0,100.0,True
openmetadata-service/src/main/java/org/openmetadata/service/entity/delete/EntityHierarchy.java,org/openmetadata/service/entity/delete/EntityHierarchy,39,0,100.0,True
openmetadata-service/src/main/java/org/openmetadata/service/entity/delete/EntityHierarchy.java,org/openmetadata/service/entity/delete/EntityHierarchy$Action,12,0,100.0,True
openmetadata-service/src/main/java/org/openmetadata/service/entity/delete/EntityHierarchy.java,org/openmetadata/service/entity/delete/EntityHierarchy$HardDeletePolicy,0,0,,True
openmetadata-service/src/main/java/org/openmetadata/service/entity/delete/EntityHierarchy.java,org/openmetadata/service/entity/delete/EntityHierarchy$Registry,1,0,100.0,True
openmetadata-service/src/main/java/org/openmetadata/service/entity/delete/EntityPurge.java,org/openmetadata/service/entity/delete/EntityPurge,28,0,100.0,True
openmetadata-service/src/main/java/org/openmetadata/service/entity/delete/EntityPurge.java,org/openmetadata/service/entity/delete/EntityPurge$Lifecycle,1,0,100.0,True
openmetadata-service/src/main/java/org/openmetadata/service/entity/delete/EntityPurge.java,org/openmetadata/service/entity/delete/EntityPurge$Rows,1,0,100.0,True
openmetadata-service/src/main/java/org/openmetadata/service/entity/delete/EntityRestoreService.java,org/openmetadata/service/entity/delete/EntityRestoreService,28,0,100.0,True
openmetadata-service/src/main/java/org/openmetadata/service/entity/delete/EntityRestoreService.java,org/openmetadata/service/entity/delete/EntityRestoreService$Children,1,0,100.0,True
openmetadata-service/src/main/java/org/openmetadata/service/entity/delete/EntityRestoreService.java,org/openmetadata/service/entity/delete/EntityRestoreService$Mutation,1,0,100.0,True
openmetadata-service/src/main/java/org/openmetadata/service/entity/delete/EntityRestoreService.java,org/openmetadata/service/entity/delete/EntityRestoreService$Preparation,1,0,100.0,True
openmetadata-service/src/main/java/org/openmetadata/service/entity/delete/EntityRestores.java,org/openmetadata/service/entity/delete/EntityRestores,0,0,,True
openmetadata-service/src/main/java/org/openmetadata/service/entity/delete/EntitySubtree.java,org/openmetadata/service/entity/delete/EntitySubtree,0,0,,True
openmetadata-service/src/main/java/org/openmetadata/service/entity/delete/EntitySubtreeLifecycle.java,org/openmetadata/service/entity/delete/EntitySubtreeLifecycle,38,0,100.0,True
openmetadata-service/src/main/java/org/openmetadata/service/entity/delete/EntitySubtreeLifecycle.java,org/openmetadata/service/entity/delete/EntitySubtreeLifecycle$Hooks,1,0,100.0,True
openmetadata-service/src/main/java/org/openmetadata/service/entity/delete/EntitySubtreeLifecycle.java,org/openmetadata/service/entity/delete/EntitySubtreeLifecycle$Loading,1,0,100.0,True
openmetadata-service/src/main/java/org/openmetadata/service/entity/delete/EntitySubtreeUpdates.java,org/openmetadata/service/entity/delete/EntitySubtreeUpdates,62,0,100.0,True
openmetadata-service/src/main/java/org/openmetadata/service/entity/delete/EntitySubtreeUpdates.java,org/openmetadata/service/entity/delete/EntitySubtreeUpdates$Effects,1,0,100.0,True
openmetadata-service/src/main/java/org/openmetadata/service/entity/delete/EntitySubtreeUpdates.java,org/openmetadata/service/entity/delete/EntitySubtreeUpdates$Factory,0,0,,True
openmetadata-service/src/main/java/org/openmetadata/service/entity/delete/EntitySubtreeUpdates.java,org/openmetadata/service/entity/delete/EntitySubtreeUpdates$Mode,6,0,100.0,True
openmetadata-service/src/main/java/org/openmetadata/service/entity/delete/EntitySubtreeUpdates.java,org/openmetadata/service/entity/delete/EntitySubtreeUpdates$Preparation,1,0,100.0,True
openmetadata-service/src/main/java/org/openmetadata/service/entity/delete/EntitySubtreeUpdates.java,org/openmetadata/service/entity/delete/EntitySubtreeUpdates$Rows,1,0,100.0,True
openmetadata-service/src/main/java/org/openmetadata/service/entity/delete/EntitySubtreeUpdates.java,org/openmetadata/service/entity/delete/EntitySubtreeUpdates$Snapshot,1,0,100.0,True
openmetadata-service/src/main/java/org/openmetadata/service/entity/delete/EntityWorkflowCleanup.java,org/openmetadata/service/entity/delete/EntityWorkflowCleanup,19,0,100.0,True
openmetadata-service/src/main/java/org/openmetadata/service/entity/history/ChangeSummarizer.java,org/openmetadata/service/entity/history/ChangeSummarizer,85,7,92.3913043478261,True
openmetadata-service/src/main/java/org/openmetadata/service/entity/history/EntityChangeSummary.java,org/openmetadata/service/entity/history/EntityChangeSummary,25,0,100.0,True
openmetadata-service/src/main/java/org/openmetadata/service/entity/history/EntityHistoryQuery.java,org/openmetadata/service/entity/history/EntityHistoryQuery,65,2,97.01492537313433,True
openmetadata-service/src/main/java/org/openmetadata/service/entity/history/EntityHistoryQuery.java,org/openmetadata/service/entity/history/EntityHistoryQuery$CountKey,1,0,100.0,True
openmetadata-service/src/main/java/org/openmetadata/service/entity/history/EntityHistoryQuery.java,org/openmetadata/service/entity/history/EntityHistoryQuery$PageCursors,1,0,100.0,True
openmetadata-service/src/main/java/org/openmetadata/service/entity/history/EntityHistoryQuery.java,org/openmetadata/service/entity/history/EntityHistoryQuery$Window,1,0,100.0,True
openmetadata-service/src/main/java/org/openmetadata/service/entity/history/EntityHistoryServices.java,org/openmetadata/service/entity/history/EntityHistoryServices,18,0,100.0,True
openmetadata-service/src/main/java/org/openmetadata/service/entity/history/EntityHistoryServices.java,org/openmetadata/service/entity/history/EntityHistoryServices$Changes,3,0,100.0,True
openmetadata-service/src/main/java/org/openmetadata/service/entity/history/EntityHistoryServices.java,org/openmetadata/service/entity/history/EntityHistoryServices$Hydration,1,0,100.0,True
openmetadata-service/src/main/java/org/openmetadata/service/entity/history/EntityHistoryServices.java,org/openmetadata/service/entity/history/EntityHistoryServices$Storage,1,0,100.0,True
openmetadata-service/src/main/java/org/openmetadata/service/entity/history/EntityHistoryType.java,org/openmetadata/service/entity/history/EntityHistoryType,1,0,100.0,True
openmetadata-service/src/main/java/org/openmetadata/service/entity/history/EntitySummaryWriter.java,org/openmetadata/service/entity/history/EntitySummaryWriter,42,0,100.0,True
openmetadata-service/src/main/java/org/openmetadata/service/entity/history/EntitySummaryWriter.java,org/openmetadata/service/entity/history/EntitySummaryWriter$Attribution,1,0,100.0,True
openmetadata-service/src/main/java/org/openmetadata/service/entity/history/EntitySummaryWriter.java,org/openmetadata/service/entity/history/EntitySummaryWriter$Boundary,1,0,100.0,True
openmetadata-service/src/main/java/org/openmetadata/service/entity/history/EntitySummaryWriter.java,org/openmetadata/service/entity/history/EntitySummaryWriter$Rows,1,0,100.0,True
openmetadata-service/src/main/java/org/openmetadata/service/entity/history/EntitySummaryWriter.java,org/openmetadata/service/entity/history/EntitySummaryWriter$Update,1,0,100.0,True
openmetadata-service/src/main/java/org/openmetadata/service/entity/history/EntityVersionHistory.java,org/openmetadata/service/entity/history/EntityVersionHistory,41,0,100.0,True
openmetadata-service/src/main/java/org/openmetadata/service/entity/history/EntityVersionHistory.java,org/openmetadata/service/entity/history/EntityVersionHistory$Hydration,1,0,100.0,True
openmetadata-service/src/main/java/org/openmetadata/service/entity/history/EntityVersionHistory.java,org/openmetadata/service/entity/history/EntityVersionHistory$Page,1,0,100.0,True
openmetadata-service/src/main/java/org/openmetadata/service/entity/history/EntityVersionPolicy.java,org/openmetadata/service/entity/history/EntityVersionPolicy,23,0,100.0,True
openmetadata-service/src/main/java/org/openmetadata/service/entity/history/EntityVersionStore.java,org/openmetadata/service/entity/history/EntityVersionStore,30,0,100.0,True
openmetadata-service/src/main/java/org/openmetadata/service/entity/history/HistoryCursor.java,org/openmetadata/service/entity/history/HistoryCursor,20,0,100.0,True
openmetadata-service/src/main/java/org/openmetadata/service/entity/history/SessionConsolidationPolicy.java,org/openmetadata/service/entity/history/SessionConsolidationPolicy,37,0,100.0,True
openmetadata-service/src/main/java/org/openmetadata/service/entity/metadata/ColumnMatchIndex.java,org/openmetadata/service/entity/metadata/ColumnMatchIndex,26,0,100.0,True
openmetadata-service/src/main/java/org/openmetadata/service/entity/metadata/ColumnSelectionValidator.java,org/openmetadata/service/entity/metadata/ColumnSelectionValidator,18,0,100.0,True
openmetadata-service/src/main/java/org/openmetadata/service/entity/metadata/ColumnValueUpdater.java,org/openmetadata/service/entity/metadata/ColumnValueUpdater,35,0,100.0,True
openmetadata-service/src/main/java/org/openmetadata/service/entity/metadata/ColumnValueUpdater.java,org/openmetadata/service/entity/metadata/ColumnValueUpdater$Session,0,0,,True
openmetadata-service/src/main/java/org/openmetadata/service/entity/metadata/CustomPropertyValidator.java,org/openmetadata/service/entity/metadata/CustomPropertyValidator,126,1,99.21259842519684,True
openmetadata-service/src/main/java/org/openmetadata/service/entity/metadata/CustomPropertyValidator.java,org/openmetadata/service/entity/metadata/CustomPropertyValidator$Definition,1,0,100.0,True
openmetadata-service/src/main/java/org/openmetadata/service/entity/metadata/DerivedTagLoader.java,org/openmetadata/service/entity/metadata/DerivedTagLoader,37,0,100.0,True
openmetadata-service/src/main/java/org/openmetadata/service/entity/metadata/DerivedTagLoader.java,org/openmetadata/service/entity/metadata/DerivedTagLoader$FailureMode,3,0,100.0,True
openmetadata-service/src/main/java/org/openmetadata/service/entity/metadata/EntityAssetMembership.java,org/openmetadata/service/entity/metadata/EntityAssetMembership,46,0,100.0,True
openmetadata-service/src/main/java/org/openmetadata/service/entity/metadata/EntityAssetMembership.java,org/openmetadata/service/entity/metadata/EntityAssetMembership$ChangeFactory,0,0,,True
openmetadata-service/src/main/java/org/openmetadata/service/entity/metadata/EntityAssetMembership.java,org/openmetadata/service/entity/metadata/EntityAssetMembership$Effects,1,0,100.0,True
openmetadata-service/src/main/java/org/openmetadata/service/entity/metadata/EntityAssetMembership.java,org/openmetadata/service/entity/metadata/EntityAssetMembership$EventFactory,0,0,,True
openmetadata-service/src/main/java/org/openmetadata/service/entity/metadata/EntityAssetMembership.java,org/openmetadata/service/entity/metadata/EntityAssetMembership$Events,1,0,100.0,True
openmetadata-service/src/main/java/org/openmetadata/service/entity/metadata/EntityAssetMembership.java,org/openmetadata/service/entity/metadata/EntityAssetMembership$Mode,3,0,100.0,True
openmetadata-service/src/main/java/org/openmetadata/service/entity/metadata/EntityAssetMembership.java,org/openmetadata/service/entity/metadata/EntityAssetMembership$References,1,0,100.0,True
openmetadata-service/src/main/java/org/openmetadata/service/entity/metadata/EntityAssetMembership.java,org/openmetadata/service/entity/metadata/EntityAssetMembership$Target,1,0,100.0,True
openmetadata-service/src/main/java/org/openmetadata/service/entity/metadata/EntityAssetMembership.java,org/openmetadata/service/entity/metadata/EntityAssetMembership$Transaction,0,0,,True
openmetadata-service/src/main/java/org/openmetadata/service/entity/metadata/EntityCertificationService.java,org/openmetadata/service/entity/metadata/EntityCertificationService,131,2,98.49624060150376,True
openmetadata-service/src/main/java/org/openmetadata/service/entity/metadata/EntityCertificationUpdates.java,org/openmetadata/service/entity/metadata/EntityCertificationUpdates,57,0,100.0,True
openmetadata-service/src/main/java/org/openmetadata/service/entity/metadata/EntityCertificationUpdates.java,org/openmetadata/service/entity/metadata/EntityCertificationUpdates$Persistence,1,0,100.0,True
openmetadata-service/src/main/java/org/openmetadata/service/entity/metadata/EntityCertificationUpdates.java,org/openmetadata/service/entity/metadata/EntityCertificationUpdates$Session,0,0,,True
openmetadata-service/src/main/java/org/openmetadata/service/entity/metadata/EntityColumnUpdates.java,org/openmetadata/service/entity/metadata/EntityColumnUpdates,100,0,100.0,True
openmetadata-service/src/main/java/org/openmetadata/service/entity/metadata/EntityColumnUpdates.java,org/openmetadata/service/entity/metadata/EntityColumnUpdates$Level,1,0,100.0,True
openmetadata-service/src/main/java/org/openmetadata/service/entity/metadata/EntityColumnUpdates.java,org/openmetadata/service/entity/metadata/EntityColumnUpdates$Session,0,0,,True
openmetadata-service/src/main/java/org/openmetadata/service/entity/metadata/EntityExtensionService.java,org/openmetadata/service/entity/metadata/EntityExtensionService,100,0,100.0,True
openmetadata-service/src/main/java/org/openmetadata/service/entity/metadata/EntityExtensionService.java,org/openmetadata/service/entity/metadata/EntityExtensionService$Batch,7,0,100.0,True
openmetadata-service/src/main/java/org/openmetadata/service/entity/metadata/EntityExtensionService.java,org/openmetadata/service/entity/metadata/EntityExtensionService$Properties,1,0,100.0,True
openmetadata-service/src/main/java/org/openmetadata/service/entity/metadata/EntityExtensionUpdater.java,org/openmetadata/service/entity/metadata/EntityExtensionUpdater,64,0,100.0,True
openmetadata-service/src/main/java/org/openmetadata/service/entity/metadata/EntityExtensionUpdater.java,org/openmetadata/service/entity/metadata/EntityExtensionUpdater$Changes,4,0,100.0,True
openmetadata-service/src/main/java/org/openmetadata/service/entity/metadata/EntityExtensionUpdater.java,org/openmetadata/service/entity/metadata/EntityExtensionUpdater$Session,0,0,,True
openmetadata-service/src/main/java/org/openmetadata/service/entity/metadata/EntityFieldTagReader.java,org/openmetadata/service/entity/metadata/EntityFieldTagReader,45,0,100.0,True
openmetadata-service/src/main/java/org/openmetadata/service/entity/metadata/EntityFieldTagReader.java,org/openmetadata/service/entity/metadata/EntityFieldTagReader$Fields,1,0,100.0,True
openmetadata-service/src/main/java/org/openmetadata/service/entity/metadata/EntityFieldTagReader.java,org/openmetadata/service/entity/metadata/EntityFieldTagReader$Hydration,1,0,100.0,True
openmetadata-service/src/main/java/org/openmetadata/service/entity/metadata/EntityGovernanceUpdates.java,org/openmetadata/service/entity/metadata/EntityGovernanceUpdates,64,0,100.0,True
openmetadata-service/src/main/java/org/openmetadata/service/entity/metadata/EntityGovernanceUpdates.java,org/openmetadata/service/entity/metadata/EntityGovernanceUpdates$Capabilities,1,0,100.0,True
openmetadata-service/src/main/java/org/openmetadata/service/entity/metadata/EntityGovernanceUpdates.java,org/openmetadata/service/entity/metadata/EntityGovernanceUpdates$Lineage,1,0,100.0,True
openmetadata-service/src/main/java/org/openmetadata/service/entity/metadata/EntityGovernanceUpdates.java,org/openmetadata/service/entity/metadata/EntityGovernanceUpdates$LineageMutation,0,0,,True
openmetadata-service/src/main/java/org/openmetadata/service/entity/metadata/EntityGovernanceUpdates.java,org/openmetadata/service/entity/metadata/EntityGovernanceUpdates$Session,0,0,,True
openmetadata-service/src/main/java/org/openmetadata/service/entity/metadata/EntityGovernanceUpdates.java,org/openmetadata/service/entity/metadata/EntityGovernanceUpdates$Validation,1,0,100.0,True
openmetadata-service/src/main/java/org/openmetadata/service/entity/metadata/EntityMetadataCleanup.java,org/openmetadata/service/entity/metadata/EntityMetadataCleanup,22,0,100.0,True
openmetadata-service/src/main/java/org/openmetadata/service/entity/metadata/EntityMetadataCleanup.java,org/openmetadata/service/entity/metadata/EntityMetadataCleanup$Capabilities,1,0,100.0,True
openmetadata-service/src/main/java/org/openmetadata/service/entity/metadata/EntityMetadataPersistence.java,org/openmetadata/service/entity/metadata/EntityMetadataPersistence,18,0,100.0,True
openmetadata-service/src/main/java/org/openmetadata/service/entity/metadata/EntityMetadataWriter.java,org/openmetadata/service/entity/metadata/EntityMetadataWriter,51,0,100.0,True
openmetadata-service/src/main/java/org/openmetadata/service/entity/metadata/EntityMetadataWriter.java,org/openmetadata/service/entity/metadata/EntityMetadataWriter$Field,18,0,100.0,True
openmetadata-service/src/main/java/org/openmetadata/service/entity/metadata/EntityMetadataWriter.java,org/openmetadata/service/entity/metadata/EntityMetadataWriter$Schema,7,0,100.0,True
openmetadata-service/src/main/java/org/openmetadata/service/entity/metadata/EntityOwnershipUpdates.java,org/openmetadata/service/entity/metadata/EntityOwnershipUpdates,40,0,100.0,True
openmetadata-service/src/main/java/org/openmetadata/service/entity/metadata/EntityOwnershipUpdates.java,org/openmetadata/service/entity/metadata/EntityOwnershipUpdates$Field,8,0,100.0,True
openmetadata-service/src/main/java/org/openmetadata/service/entity/metadata/EntityOwnershipUpdates.java,org/openmetadata/service/entity/metadata/EntityOwnershipUpdates$Session,0,0,,True
openmetadata-service/src/main/java/org/openmetadata/service/entity/metadata/EntityOwnershipUpdates.java,org/openmetadata/service/entity/metadata/EntityOwnershipUpdates$Update,5,0,100.0,True
openmetadata-service/src/main/java/org/openmetadata/service/entity/metadata/EntityOwnershipWriter.java,org/openmetadata/service/entity/metadata/EntityOwnershipWriter,44,0,100.0,True
openmetadata-service/src/main/java/org/openmetadata/service/entity/metadata/EntityOwnershipWriter.java,org/openmetadata/service/entity/metadata/EntityOwnershipWriter$Difference,10,0,100.0,True
openmetadata-service/src/main/java/org/openmetadata/service/entity/metadata/EntityOwnershipWriter.java,org/openmetadata/service/entity/metadata/EntityOwnershipWriter$Writes,1,0,100.0,True
openmetadata-service/src/main/java/org/openmetadata/service/entity/metadata/EntityReferenceMatchIndex.java,org/openmetadata/service/entity/metadata/EntityReferenceMatchIndex,27,1,96.42857142857143,True
openmetadata-service/src/main/java/org/openmetadata/service/entity/metadata/EntityReferenceMatchIndex.java,org/openmetadata/service/entity/metadata/EntityReferenceMatchIndex$Identity,1,0,100.0,True
openmetadata-service/src/main/java/org/openmetadata/service/entity/metadata/EntityReferenceValidator.java,org/openmetadata/service/entity/metadata/EntityReferenceValidator,84,0,100.0,True
openmetadata-service/src/main/java/org/openmetadata/service/entity/metadata/EntityReferenceValidator.java,org/openmetadata/service/entity/metadata/EntityReferenceValidator$ById,0,0,,True
openmetadata-service/src/main/java/org/openmetadata/service/entity/metadata/EntityReferenceValidator.java,org/openmetadata/service/entity/metadata/EntityReferenceValidator$ByName,0,0,,True
openmetadata-service/src/main/java/org/openmetadata/service/entity/metadata/EntityReferenceValidator.java,org/openmetadata/service/entity/metadata/EntityReferenceValidator$References,1,0,100.0,True
openmetadata-service/src/main/java/org/openmetadata/service/entity/metadata/EntityRelationshipUpdates.java,org/openmetadata/service/entity/metadata/EntityRelationshipUpdates,104,0,100.0,True
openmetadata-service/src/main/java/org/openmetadata/service/entity/metadata/EntityRelationshipUpdates.java,org/openmetadata/service/entity/metadata/EntityRelationshipUpdates$References,2,0,100.0,True
openmetadata-service/src/main/java/org/openmetadata/service/entity/metadata/EntityRelationshipUpdates.java,org/openmetadata/service/entity/metadata/EntityRelationshipUpdates$Session,0,0,,True
openmetadata-service/src/main/java/org/openmetadata/service/entity/metadata/EntityRelationshipUpdates.java,org/openmetadata/service/entity/metadata/EntityRelationshipUpdates$Target,2,0,100.0,True
openmetadata-service/src/main/java/org/openmetadata/service/entity/metadata/EntityRelationshipWriter.java,org/openmetadata/service/entity/metadata/EntityRelationshipWriter,122,0,100.0,True
openmetadata-service/src/main/java/org/openmetadata/service/entity/metadata/EntityRelationshipWriter.java,org/openmetadata/service/entity/metadata/EntityRelationshipWriter$Batch,1,0,100.0,True
openmetadata-service/src/main/java/org/openmetadata/service/entity/metadata/EntityRelationshipWriter.java,org/openmetadata/service/entity/metadata/EntityRelationshipWriter$BatchSelection,1,0,100.0,True
openmetadata-service/src/main/java/org/openmetadata/service/entity/metadata/EntityRelationshipWriter.java,org/openmetadata/service/entity/metadata/EntityRelationshipWriter$Edge,8,0,100.0,True
openmetadata-service/src/main/java/org/openmetadata/service/entity/metadata/EntityRelationshipWriter.java,org/openmetadata/service/entity/metadata/EntityRelationshipWriter$Effects,1,0,100.0,True
openmetadata-service/src/main/java/org/openmetadata/service/entity/metadata/EntityRelationshipWriter.java,org/openmetadata/service/entity/metadata/EntityRelationshipWriter$Selection,1,0,100.0,True
openmetadata-service/src/main/java/org/openmetadata/service/entity/metadata/EntityRelationshipWriter.java,org/openmetadata/service/entity/metadata/EntityRelationshipWriter$Value,2,0,100.0,True
openmetadata-service/src/main/java/org/openmetadata/service/entity/metadata/EntityReviewerPolicy.java,org/openmetadata/service/entity/metadata/EntityReviewerPolicy,13,0,100.0,True
openmetadata-service/src/main/java/org/openmetadata/service/entity/metadata/EntityTagAssetRemoval.java,org/openmetadata/service/entity/metadata/EntityTagAssetRemoval,15,0,100.0,True
openmetadata-service/src/main/java/org/openmetadata/service/entity/metadata/EntityTagReader.java,org/openmetadata/service/entity/metadata/EntityTagReader,99,1,99.0,True
openmetadata-service/src/main/java/org/openmetadata/service/entity/metadata/EntityTagReader.java,org/openmetadata/service/entity/metadata/EntityTagReader$Hydration,1,0,100.0,True
openmetadata-service/src/main/java/org/openmetadata/service/entity/metadata/EntityTagReader.java,org/openmetadata/service/entity/metadata/EntityTagReader$Options,1,0,100.0,True
openmetadata-service/src/main/java/org/openmetadata/service/entity/metadata/EntityTagReader.java,org/openmetadata/service/entity/metadata/EntityTagReader$Projection,1,0,100.0,True
openmetadata-service/src/main/java/org/openmetadata/service/entity/metadata/EntityTagUpdates.java,org/openmetadata/service/entity/metadata/EntityTagUpdates,50,0,100.0,True
openmetadata-service/src/main/java/org/openmetadata/service/entity/metadata/EntityTagUpdates.java,org/openmetadata/service/entity/metadata/EntityTagUpdates$Changes,5,0,100.0,True
openmetadata-service/src/main/java/org/openmetadata/service/entity/metadata/EntityTagUpdates.java,org/openmetadata/service/entity/metadata/EntityTagUpdates$Session,0,0,,True
openmetadata-service/src/main/java/org/openmetadata/service/entity/metadata/EntityTagWriter.java,org/openmetadata/service/entity/metadata/EntityTagWriter,90,0,100.0,True
openmetadata-service/src/main/java/org/openmetadata/service/entity/metadata/EntityTagWriter.java,org/openmetadata/service/entity/metadata/EntityTagWriter$DeferredEffects,0,0,,True
openmetadata-service/src/main/java/org/openmetadata/service/entity/metadata/EntityTagWriter.java,org/openmetadata/service/entity/metadata/EntityTagWriter$Rdf,1,0,100.0,True
openmetadata-service/src/main/java/org/openmetadata/service/entity/metadata/EntityTagWriter.java,org/openmetadata/service/entity/metadata/EntityTagWriter$Target,3,0,100.0,True
openmetadata-service/src/main/java/org/openmetadata/service/entity/metadata/EntityTimeSeries.java,org/openmetadata/service/entity/metadata/EntityTimeSeries,19,0,100.0,True
openmetadata-service/src/main/java/org/openmetadata/service/entity/metadata/EntityTimeSeries.java,org/openmetadata/service/entity/metadata/EntityTimeSeries$Window,2,0,100.0,True
openmetadata-service/src/main/java/org/openmetadata/service/entity/metadata/EntityUserActions.java,org/openmetadata/service/entity/metadata/EntityUserActions,62,0,100.0,True
openmetadata-service/src/main/java/org/openmetadata/service/entity/metadata/EntityUserActions.java,org/openmetadata/service/entity/metadata/EntityUserActions$Hydration,1,0,100.0,True
openmetadata-service/src/main/java/org/openmetadata/service/entity/metadata/EntityUserActions.java,org/openmetadata/service/entity/metadata/EntityUserActions$Lookup,1,0,100.0,True
openmetadata-service/src/main/java/org/openmetadata/service/entity/metadata/EntityValueUpdates.java,org/openmetadata/service/entity/metadata/EntityValueUpdates,60,0,100.0,True
openmetadata-service/src/main/java/org/openmetadata/service/entity/metadata/EntityValueUpdates.java,org/openmetadata/service/entity/metadata/EntityValueUpdates$Capabilities,1,0,100.0,True
openmetadata-service/src/main/java/org/openmetadata/service/entity/metadata/EntityValueUpdates.java,org/openmetadata/service/entity/metadata/EntityValueUpdates$Session,0,0,,True
openmetadata-service/src/main/java/org/openmetadata/service/entity/metadata/EntityWorkflowReferences.java,org/openmetadata/service/entity/metadata/EntityWorkflowReferences,21,0,100.0,True
openmetadata-service/src/main/java/org/openmetadata/service/entity/metadata/EntityWorkflowReferences.java,org/openmetadata/service/entity/metadata/EntityWorkflowReferences$Rename,1,0,100.0,True
openmetadata-service/src/main/java/org/openmetadata/service/entity/metadata/EntityWorkflowReferences.java,org/openmetadata/service/entity/metadata/EntityWorkflowReferences$Subtree,6,0,100.0,True
openmetadata-service/src/main/java/org/openmetadata/service/entity/metadata/InheritedReferences.java,org/openmetadata/service/entity/metadata/InheritedReferences,17,1,94.44444444444444,True
openmetadata-service/src/main/java/org/openmetadata/service/entity/metadata/InheritedReferences.java,org/openmetadata/service/entity/metadata/InheritedReferences$Field,12,0,100.0,True
openmetadata-service/src/main/java/org/openmetadata/service/entity/policy/EntityBulkPolicy.java,org/openmetadata/service/entity/policy/EntityBulkPolicy,65,6,91.54929577464789,True
openmetadata-service/src/main/java/org/openmetadata/service/entity/policy/EntityDeletionPolicy.java,org/openmetadata/service/entity/policy/EntityDeletionPolicy,33,0,100.0,True
openmetadata-service/src/main/java/org/openmetadata/service/entity/policy/EntityInheritancePolicy.java,org/openmetadata/service/entity/policy/EntityInheritancePolicy,88,5,94.6236559139785,True
openmetadata-service/src/main/java/org/openmetadata/service/entity/policy/EntityLifecyclePolicy.java,org/openmetadata/service/entity/policy/EntityLifecyclePolicy,35,3,92.10526315789474,True
openmetadata-service/src/main/java/org/openmetadata/service/entity/policy/EntityMetadataPolicy.java,org/openmetadata/service/entity/policy/EntityMetadataPolicy,123,1,99.19354838709677,True
openmetadata-service/src/main/java/org/openmetadata/service/entity/policy/EntityModuleAccess.java,org/openmetadata/service/entity/policy/EntityModuleAccess,45,0,100.0,True
openmetadata-service/src/main/java/org/openmetadata/service/entity/policy/EntityMutationPolicy.java,org/openmetadata/service/entity/policy/EntityMutationPolicy,61,5,92.42424242424242,True
openmetadata-service/src/main/java/org/openmetadata/service/entity/policy/EntityPolicy.java,org/openmetadata/service/entity/policy/EntityPolicy,0,0,,True
openmetadata-service/src/main/java/org/openmetadata/service/entity/policy/EntityPolicyAccess.java,org/openmetadata/service/entity/policy/EntityPolicyAccess,0,0,,True
openmetadata-service/src/main/java/org/openmetadata/service/entity/policy/EntityPolicyContext.java,org/openmetadata/service/entity/policy/EntityPolicyContext,31,0,100.0,True
openmetadata-service/src/main/java/org/openmetadata/service/entity/policy/EntityPolicyContext.java,org/openmetadata/service/entity/policy/EntityPolicyContext$Schema,1,0,100.0,True
openmetadata-service/src/main/java/org/openmetadata/service/entity/policy/EntityPolicyContext.java,org/openmetadata/service/entity/policy/EntityPolicyContext$WriteFields,3,0,100.0,True
openmetadata-service/src/main/java/org/openmetadata/service/entity/policy/EntityPolicyOptions.java,org/openmetadata/service/entity/policy/EntityPolicyOptions,1,0,100.0,True
openmetadata-service/src/main/java/org/openmetadata/service/entity/policy/EntityPolicySupport.java,org/openmetadata/service/entity/policy/EntityPolicySupport,30,3,90.9090909090909,True
openmetadata-service/src/main/java/org/openmetadata/service/entity/policy/EntityReadPolicy.java,org/openmetadata/service/entity/policy/EntityReadPolicy,80,0,100.0,True
openmetadata-service/src/main/java/org/openmetadata/service/entity/policy/EntitySeedPolicy.java,org/openmetadata/service/entity/policy/EntitySeedPolicy,35,1,97.22222222222223,True
openmetadata-service/src/main/java/org/openmetadata/service/entity/read/BulkRelationshipField.java,org/openmetadata/service/entity/read/BulkRelationshipField,37,0,100.0,True
openmetadata-service/src/main/java/org/openmetadata/service/entity/read/BulkRelationshipField.java,org/openmetadata/service/entity/read/BulkRelationshipField$EdgeSelection,1,0,100.0,True
openmetadata-service/src/main/java/org/openmetadata/service/entity/read/BulkRelationshipField.java,org/openmetadata/service/entity/read/BulkRelationshipField$Value,1,0,100.0,True
openmetadata-service/src/main/java/org/openmetadata/service/entity/read/BulkRelationshipLoader.java,org/openmetadata/service/entity/read/BulkRelationshipLoader,78,0,100.0,True
openmetadata-service/src/main/java/org/openmetadata/service/entity/read/BulkRelationshipLoader.java,org/openmetadata/service/entity/read/BulkRelationshipLoader$Assignment,1,0,100.0,True
openmetadata-service/src/main/java/org/openmetadata/service/entity/read/BulkRelationshipLoader.java,org/openmetadata/service/entity/read/BulkRelationshipLoader$Identity,1,0,100.0,True
openmetadata-service/src/main/java/org/openmetadata/service/entity/read/BulkRelationshipLoader.java,org/openmetadata/service/entity/read/BulkRelationshipLoader$ReferenceSource,1,0,100.0,True
openmetadata-service/src/main/java/org/openmetadata/service/entity/read/EntityAccessMetadataReader.java,org/openmetadata/service/entity/read/EntityAccessMetadataReader,82,0,100.0,True
openmetadata-service/src/main/java/org/openmetadata/service/entity/read/EntityAccessMetadataReader.java,org/openmetadata/service/entity/read/EntityAccessMetadataReader$Metadata,4,0,100.0,True
openmetadata-service/src/main/java/org/openmetadata/service/entity/read/EntityAccessMetadataReader.java,org/openmetadata/service/entity/read/EntityAccessMetadataReader$Projection,1,0,100.0,True
openmetadata-service/src/main/java/org/openmetadata/service/entity/read/EntityAccessMetadataReader.java,org/openmetadata/service/entity/read/EntityAccessMetadataReader$References,0,0,,True
openmetadata-service/src/main/java/org/openmetadata/service/entity/read/EntityAccessMetadataReader.java,org/openmetadata/service/entity/read/EntityAccessMetadataReader$Rows,1,0,100.0,True
openmetadata-service/src/main/java/org/openmetadata/service/entity/read/EntityBatchFields.java,org/openmetadata/service/entity/read/EntityBatchFields,6,0,100.0,True
openmetadata-service/src/main/java/org/openmetadata/service/entity/read/EntityBatchReferenceReader.java,org/openmetadata/service/entity/read/EntityBatchReferenceReader,116,0,100.0,True
openmetadata-service/src/main/java/org/openmetadata/service/entity/read/EntityBatchReferenceReader.java,org/openmetadata/service/entity/read/EntityBatchReferenceReader$Direction,5,0,100.0,True
openmetadata-service/src/main/java/org/openmetadata/service/entity/read/EntityBatchReferenceReader.java,org/openmetadata/service/entity/read/EntityBatchReferenceReader$References,0,0,,True
openmetadata-service/src/main/java/org/openmetadata/service/entity/read/EntityCollectionReader.java,org/openmetadata/service/entity/read/EntityCollectionReader,30,0,100.0,True
openmetadata-service/src/main/java/org/openmetadata/service/entity/read/EntityCollectionReader.java,org/openmetadata/service/entity/read/EntityCollectionReader$FilteredHydration,0,0,,True
openmetadata-service/src/main/java/org/openmetadata/service/entity/read/EntityCollectionReader.java,org/openmetadata/service/entity/read/EntityCollectionReader$Hydration,1,0,100.0,True
openmetadata-service/src/main/java/org/openmetadata/service/entity/read/EntityCollectionReader.java,org/openmetadata/service/entity/read/EntityCollectionReader$Lookup,1,0,100.0,True
openmetadata-service/src/main/java/org/openmetadata/service/entity/read/EntityCollectionReader.java,org/openmetadata/service/entity/read/EntityCollectionReader$Projection,1,0,100.0,True
openmetadata-service/src/main/java/org/openmetadata/service/entity/read/EntityCollections.java,org/openmetadata/service/entity/read/EntityCollections,0,0,,True
openmetadata-service/src/main/java/org/openmetadata/service/entity/read/EntityCursor.java,org/openmetadata/service/entity/read/EntityCursor,6,0,100.0,True
openmetadata-service/src/main/java/org/openmetadata/service/entity/read/EntityCursor.java,org/openmetadata/service/entity/read/EntityCursor$Position,1,0,100.0,True
openmetadata-service/src/main/java/org/openmetadata/service/entity/read/EntityFieldLoading.java,org/openmetadata/service/entity/read/EntityFieldLoading,20,0,100.0,True
openmetadata-service/src/main/java/org/openmetadata/service/entity/read/EntityInheritanceLoader.java,org/openmetadata/service/entity/read/EntityInheritanceLoader,59,0,100.0,True
openmetadata-service/src/main/java/org/openmetadata/service/entity/read/EntityInheritanceLoader.java,org/openmetadata/service/entity/read/EntityInheritanceLoader$Application,0,0,,True
openmetadata-service/src/main/java/org/openmetadata/service/entity/read/EntityInheritanceLoader.java,org/openmetadata/service/entity/read/EntityInheritanceLoader$Parents,1,0,100.0,True
openmetadata-service/src/main/java/org/openmetadata/service/entity/read/EntityInheritanceLoader.java,org/openmetadata/service/entity/read/EntityInheritanceLoader$Policy,1,0,100.0,True
openmetadata-service/src/main/java/org/openmetadata/service/entity/read/EntityInheritanceReader.java,org/openmetadata/service/entity/read/EntityInheritanceReader,68,0,100.0,True
openmetadata-service/src/main/java/org/openmetadata/service/entity/read/EntityInheritanceReader.java,org/openmetadata/service/entity/read/EntityInheritanceReader$Capabilities,1,0,100.0,True
openmetadata-service/src/main/java/org/openmetadata/service/entity/read/EntityInheritanceReader.java,org/openmetadata/service/entity/read/EntityInheritanceReader$Inheritance,0,0,,True
openmetadata-service/src/main/java/org/openmetadata/service/entity/read/EntityInheritanceReader.java,org/openmetadata/service/entity/read/EntityInheritanceReader$Lookup,1,0,100.0,True
openmetadata-service/src/main/java/org/openmetadata/service/entity/read/EntityInheritanceReader.java,org/openmetadata/service/entity/read/EntityInheritanceReader$ParentLookup,0,0,,True
openmetadata-service/src/main/java/org/openmetadata/service/entity/read/EntityInheritanceReader.java,org/openmetadata/service/entity/read/EntityInheritanceReader$Policy,1,0,100.0,True
openmetadata-service/src/main/java/org/openmetadata/service/entity/read/EntityLookupService.java,org/openmetadata/service/entity/read/EntityLookupService,122,3,97.6,True
openmetadata-service/src/main/java/org/openmetadata/service/entity/read/EntityLookupService.java,org/openmetadata/service/entity/read/EntityLookupService$Caches,1,0,100.0,True
openmetadata-service/src/main/java/org/openmetadata/service/entity/read/EntityLookupService.java,org/openmetadata/service/entity/read/EntityLookupService$Schema,1,0,100.0,True
openmetadata-service/src/main/java/org/openmetadata/service/entity/read/EntityMetadataHydrator.java,org/openmetadata/service/entity/read/EntityMetadataHydrator,74,0,100.0,True
openmetadata-service/src/main/java/org/openmetadata/service/entity/read/EntityMetadataHydrator.java,org/openmetadata/service/entity/read/EntityMetadataHydrator$AccessReferences,1,0,100.0,True
openmetadata-service/src/main/java/org/openmetadata/service/entity/read/EntityMetadataHydrator.java,org/openmetadata/service/entity/read/EntityMetadataHydrator$CoreReferences,1,0,100.0,True
openmetadata-service/src/main/java/org/openmetadata/service/entity/read/EntityMetadataHydrator.java,org/openmetadata/service/entity/read/EntityMetadataHydrator$EntityFields,1,0,100.0,True
openmetadata-service/src/main/java/org/openmetadata/service/entity/read/EntityMetadataHydrator.java,org/openmetadata/service/entity/read/EntityMetadataHydrator$Reader,0,0,,True
openmetadata-service/src/main/java/org/openmetadata/service/entity/read/EntityMetadataHydrator.java,org/openmetadata/service/entity/read/EntityMetadataHydrator$Values,1,0,100.0,True
openmetadata-service/src/main/java/org/openmetadata/service/entity/read/EntityMetadataReads.java,org/openmetadata/service/entity/read/EntityMetadataReads,51,0,100.0,True
openmetadata-service/src/main/java/org/openmetadata/service/entity/read/EntityMetadataReads.java,org/openmetadata/service/entity/read/EntityMetadataReads$Hooks,1,0,100.0,True
openmetadata-service/src/main/java/org/openmetadata/service/entity/read/EntityMetadataReads.java,org/openmetadata/service/entity/read/EntityMetadataReads$Schema,3,0,100.0,True
openmetadata-service/src/main/java/org/openmetadata/service/entity/read/EntityMetadataReads.java,org/openmetadata/service/entity/read/EntityMetadataReads$Values,1,0,100.0,True
openmetadata-service/src/main/java/org/openmetadata/service/entity/read/EntityPagePolicy.java,org/openmetadata/service/entity/read/EntityPagePolicy,12,0,100.0,True
openmetadata-service/src/main/java/org/openmetadata/service/entity/read/EntityPagePolicy.java,org/openmetadata/service/entity/read/EntityPagePolicy$Query,0,0,,True
openmetadata-service/src/main/java/org/openmetadata/service/entity/read/EntityPageReader.java,org/openmetadata/service/entity/read/EntityPageReader,86,3,96.62921348314607,True
openmetadata-service/src/main/java/org/openmetadata/service/entity/read/EntityPageReader.java,org/openmetadata/service/entity/read/EntityPageReader$KeysetPage,1,0,100.0,True
openmetadata-service/src/main/java/org/openmetadata/service/entity/read/EntityPageReader.java,org/openmetadata/service/entity/read/EntityPageReader$OffsetPage,1,0,100.0,True
openmetadata-service/src/main/java/org/openmetadata/service/entity/read/EntityPageReader.java,org/openmetadata/service/entity/read/EntityPageReader$OffsetSource,1,0,100.0,True
openmetadata-service/src/main/java/org/openmetadata/service/entity/read/EntityPageReader.java,org/openmetadata/service/entity/read/EntityPageReader$Projection,1,0,100.0,True
openmetadata-service/src/main/java/org/openmetadata/service/entity/read/EntityPageReader.java,org/openmetadata/service/entity/read/EntityPageReader$Rows,1,0,100.0,True
openmetadata-service/src/main/java/org/openmetadata/service/entity/read/EntityPageReader.java,org/openmetadata/service/entity/read/EntityPageReader$Source,0,0,,True
openmetadata-service/src/main/java/org/openmetadata/service/entity/read/EntityPages.java,org/openmetadata/service/entity/read/EntityPages,0,0,,True
openmetadata-service/src/main/java/org/openmetadata/service/entity/read/EntityQueryServices.java,org/openmetadata/service/entity/read/EntityQueryServices,87,4,95.6043956043956,True
openmetadata-service/src/main/java/org/openmetadata/service/entity/read/EntityQueryServices.java,org/openmetadata/service/entity/read/EntityQueryServices$1,8,0,100.0,True
openmetadata-service/src/main/java/org/openmetadata/service/entity/read/EntityQueryServices.java,org/openmetadata/service/entity/read/EntityQueryServices$Bulk,1,0,100.0,True
openmetadata-service/src/main/java/org/openmetadata/service/entity/read/EntityQueryServices.java,org/openmetadata/service/entity/read/EntityQueryServices$Dependencies,1,0,100.0,True
openmetadata-service/src/main/java/org/openmetadata/service/entity/read/EntityQueryServices.java,org/openmetadata/service/entity/read/EntityQueryServices$Detail,1,0,100.0,True
openmetadata-service/src/main/java/org/openmetadata/service/entity/read/EntityQueryServices.java,org/openmetadata/service/entity/read/EntityQueryServices$Inheritance,1,0,100.0,True
openmetadata-service/src/main/java/org/openmetadata/service/entity/read/EntityQueryServices.java,org/openmetadata/service/entity/read/EntityQueryServices$Paging,1,0,100.0,True
openmetadata-service/src/main/java/org/openmetadata/service/entity/read/EntityQueryServices.java,org/openmetadata/service/entity/read/EntityQueryServices$Plan,0,0,,True
openmetadata-service/src/main/java/org/openmetadata/service/entity/read/EntityQueryServices.java,org/openmetadata/service/entity/read/EntityQueryServices$Policies,1,0,100.0,True
openmetadata-service/src/main/java/org/openmetadata/service/entity/read/EntityQueryServices.java,org/openmetadata/service/entity/read/EntityQueryServices$Schema,3,0,100.0,True
openmetadata-service/src/main/java/org/openmetadata/service/entity/read/EntityQueryServices.java,org/openmetadata/service/entity/read/EntityQueryServices$Values,1,0,100.0,True
openmetadata-service/src/main/java/org/openmetadata/service/entity/read/EntityReadFactory.java,org/openmetadata/service/entity/read/EntityReadFactory,47,0,100.0,True
openmetadata-service/src/main/java/org/openmetadata/service/entity/read/EntityReadFactory.java,org/openmetadata/service/entity/read/EntityReadFactory$1,7,0,100.0,True
openmetadata-service/src/main/java/org/openmetadata/service/entity/read/EntityReadFactory.java,org/openmetadata/service/entity/read/EntityReadFactory$Metadata,1,0,100.0,True
openmetadata-service/src/main/java/org/openmetadata/service/entity/read/EntityReadFactory.java,org/openmetadata/service/entity/read/EntityReadFactory$Prefetch,0,0,,True
openmetadata-service/src/main/java/org/openmetadata/service/entity/read/EntityReadFactory.java,org/openmetadata/service/entity/read/EntityReadFactory$Schema,1,0,100.0,True
openmetadata-service/src/main/java/org/openmetadata/service/entity/read/EntityReadService.java,org/openmetadata/service/entity/read/EntityReadService,57,0,100.0,True
openmetadata-service/src/main/java/org/openmetadata/service/entity/read/EntityReadService.java,org/openmetadata/service/entity/read/EntityReadService$ById,0,0,,True
openmetadata-service/src/main/java/org/openmetadata/service/entity/read/EntityReadService.java,org/openmetadata/service/entity/read/EntityReadService$ByName,0,0,,True
openmetadata-service/src/main/java/org/openmetadata/service/entity/read/EntityReadService.java,org/openmetadata/service/entity/read/EntityReadService$FieldLoader,0,0,,True
openmetadata-service/src/main/java/org/openmetadata/service/entity/read/EntityReadService.java,org/openmetadata/service/entity/read/EntityReadService$Hydration,1,0,100.0,True
openmetadata-service/src/main/java/org/openmetadata/service/entity/read/EntityReadService.java,org/openmetadata/service/entity/read/EntityReadService$Lookup,1,0,100.0,True
openmetadata-service/src/main/java/org/openmetadata/service/entity/read/EntityReadService.java,org/openmetadata/service/entity/read/EntityReadService$Planner,0,0,,True
openmetadata-service/src/main/java/org/openmetadata/service/entity/read/EntityReadService.java,org/openmetadata/service/entity/read/EntityReadService$Query,1,0,100.0,True
openmetadata-service/src/main/java/org/openmetadata/service/entity/read/EntityReadService.java,org/openmetadata/service/entity/read/EntityReadService$Schema,1,0,100.0,True
openmetadata-service/src/main/java/org/openmetadata/service/entity/read/EntityReader.java,org/openmetadata/service/entity/read/EntityReader,3,0,100.0,True
openmetadata-service/src/main/java/org/openmetadata/service/entity/read/EntityRelationshipFields.java,org/openmetadata/service/entity/read/EntityRelationshipFields,83,2,97.6470588235294,True
openmetadata-service/src/main/java/org/openmetadata/service/entity/read/EntityRelationshipFields.java,org/openmetadata/service/entity/read/EntityRelationshipFields$CachedField,15,0,100.0,True
openmetadata-service/src/main/java/org/openmetadata/service/entity/read/EntityRelationshipFields.java,org/openmetadata/service/entity/read/EntityRelationshipFields$Schema,3,0,100.0,True
openmetadata-service/src/main/java/org/openmetadata/service/entity/read/EntityRelationshipReader.java,org/openmetadata/service/entity/read/EntityRelationshipReader,99,0,100.0,True
openmetadata-service/src/main/java/org/openmetadata/service/entity/read/EntityRelationshipReader.java,org/openmetadata/service/entity/read/EntityRelationshipReader$ReferenceById,0,0,,True
openmetadata-service/src/main/java/org/openmetadata/service/entity/read/EntityRelationshipReader.java,org/openmetadata/service/entity/read/EntityRelationshipReader$References,1,0,100.0,True
openmetadata-service/src/main/java/org/openmetadata/service/entity/read/EntityRelationshipReader.java,org/openmetadata/service/entity/read/EntityRelationshipReader$Requirement,1,0,100.0,True
openmetadata-service/src/main/java/org/openmetadata/service/entity/read/EntityRelationshipReader.java,org/openmetadata/service/entity/read/EntityRelationshipReader$Selection,1,0,100.0,True
openmetadata-service/src/main/java/org/openmetadata/service/entity/read/EntityRowReader.java,org/openmetadata/service/entity/read/EntityRowReader,43,0,100.0,True
openmetadata-service/src/main/java/org/openmetadata/service/entity/read/EntityRowReader.java,org/openmetadata/service/entity/read/EntityRowReader$Hydration,0,0,,True
openmetadata-service/src/main/java/org/openmetadata/service/entity/read/EntitySearchReader.java,org/openmetadata/service/entity/read/EntitySearchReader,16,0,100.0,True
openmetadata-service/src/main/java/org/openmetadata/service/entity/read/EntitySearchReader.java,org/openmetadata/service/entity/read/EntitySearchReader$Page,1,0,100.0,True
openmetadata-service/src/main/java/org/openmetadata/service/entity/read/EntitySearchReader.java,org/openmetadata/service/entity/read/EntitySearchReader$Query,1,0,100.0,True
openmetadata-service/src/main/java/org/openmetadata/service/entity/read/EntitySearchReader.java,org/openmetadata/service/entity/read/EntitySearchReader$Source,0,0,,True
openmetadata-service/src/main/java/org/openmetadata/service/entity/read/EntityVoteReader.java,org/openmetadata/service/entity/read/EntityVoteReader,58,0,100.0,True
openmetadata-service/src/main/java/org/openmetadata/service/entity/read/EntityVoteReader.java,org/openmetadata/service/entity/read/EntityVoteReader$Queries,1,0,100.0,True
openmetadata-service/src/main/java/org/openmetadata/service/entity/read/EntityVoteReader.java,org/openmetadata/service/entity/read/EntityVoteReader$References,1,0,100.0,True
openmetadata-service/src/main/java/org/openmetadata/service/entity/read/EntityVoteReader.java,org/openmetadata/service/entity/read/EntityVoteReader$VoteIds,1,0,100.0,True
openmetadata-service/src/main/java/org/openmetadata/service/entity/read/ReadBundle.java,org/openmetadata/service/entity/read/ReadBundle,56,0,100.0,True
openmetadata-service/src/main/java/org/openmetadata/service/entity/read/ReadBundle.java,org/openmetadata/service/entity/read/ReadBundle$RelationKey,1,0,100.0,True
openmetadata-service/src/main/java/org/openmetadata/service/entity/read/ReadBundleAccess.java,org/openmetadata/service/entity/read/ReadBundleAccess,35,0,100.0,True
openmetadata-service/src/main/java/org/openmetadata/service/entity/read/ReadBundleContext.java,org/openmetadata/service/entity/read/ReadBundleContext,14,0,100.0,True
openmetadata-service/src/main/java/org/openmetadata/service/entity/read/ReadBundleLoader.java,org/openmetadata/service/entity/read/ReadBundleLoader,129,4,96.99248120300751,True
openmetadata-service/src/main/java/org/openmetadata/service/entity/read/ReadBundleLoader.java,org/openmetadata/service/entity/read/ReadBundleLoader$BundleCacheState,2,0,100.0,True
openmetadata-service/src/main/java/org/openmetadata/service/entity/read/ReadBundleLoader.java,org/openmetadata/service/entity/read/ReadBundleLoader$CacheAccess,1,0,100.0,True
openmetadata-service/src/main/java/org/openmetadata/service/entity/read/ReadBundleLoader.java,org/openmetadata/service/entity/read/ReadBundleLoader$Options,1,0,100.0,True
openmetadata-service/src/main/java/org/openmetadata/service/entity/read/ReadMetadataSource.java,org/openmetadata/service/entity/read/ReadMetadataSource,0,0,,True
openmetadata-service/src/main/java/org/openmetadata/service/entity/read/ReadPlan.java,org/openmetadata/service/entity/read/ReadPlan,48,0,100.0,True
openmetadata-service/src/main/java/org/openmetadata/service/entity/read/ReadPlan.java,org/openmetadata/service/entity/read/ReadPlan$RelationDirection,3,0,100.0,True
openmetadata-service/src/main/java/org/openmetadata/service/entity/read/ReadPlan.java,org/openmetadata/service/entity/read/ReadPlan$RelationSpec,1,0,100.0,True
openmetadata-service/src/main/java/org/openmetadata/service/entity/read/ReadPlanBuilder.java,org/openmetadata/service/entity/read/ReadPlanBuilder,41,0,100.0,True
openmetadata-service/src/main/java/org/openmetadata/service/entity/read/ReadPlanner.java,org/openmetadata/service/entity/read/ReadPlanner,37,0,100.0,True
openmetadata-service/src/main/java/org/openmetadata/service/entity/read/ReadPlanner.java,org/openmetadata/service/entity/read/ReadPlanner$ReadPlannerConfig,1,0,100.0,True
openmetadata-service/src/main/java/org/openmetadata/service/entity/read/ReadPrefetchKey.java,org/openmetadata/service/entity/read/ReadPrefetchKey,7,0,100.0,True
openmetadata-service/src/main/java/org/openmetadata/service/entity/read/RelatedEntityResolver.java,org/openmetadata/service/entity/read/RelatedEntityResolver,38,0,100.0,True
openmetadata-service/src/main/java/org/openmetadata/service/entity/read/RelatedEntityResolver.java,org/openmetadata/service/entity/read/RelatedEntityResolver$Identity,1,0,100.0,True
openmetadata-service/src/main/java/org/openmetadata/service/entity/read/RelatedEntityResolver.java,org/openmetadata/service/entity/read/RelatedEntityResolver$Request,4,0,100.0,True
openmetadata-service/src/main/java/org/openmetadata/service/entity/read/RelationshipReadLoader.java,org/openmetadata/service/entity/read/RelationshipReadLoader,73,1,98.64864864864865,True
openmetadata-service/src/main/java/org/openmetadata/service/entity/service/EntityServiceAssembly.java,org/openmetadata/service/entity/service/EntityServiceAssembly,3,0,100.0,True
openmetadata-service/src/main/java/org/openmetadata/service/entity/service/EntityServiceMutation.java,org/openmetadata/service/entity/service/EntityServiceMutation,48,0,100.0,True
openmetadata-service/src/main/java/org/openmetadata/service/entity/service/EntityServiceMutation.java,org/openmetadata/service/entity/service/EntityServiceMutation$Relationships,1,0,100.0,True
openmetadata-service/src/main/java/org/openmetadata/service/entity/service/EntityServiceOperations.java,org/openmetadata/service/entity/service/EntityServiceOperations,120,0,100.0,True
openmetadata-service/src/main/java/org/openmetadata/service/entity/service/EntityServiceOperations.java,org/openmetadata/service/entity/service/EntityServiceOperations$Definition,1,0,100.0,True
openmetadata-service/src/main/java/org/openmetadata/service/entity/service/EntityServiceOperations.java,org/openmetadata/service/entity/service/EntityServiceOperations$Infrastructure,1,0,100.0,True
openmetadata-service/src/main/java/org/openmetadata/service/entity/service/EntityServicePolicy.java,org/openmetadata/service/entity/service/EntityServicePolicy,22,2,91.66666666666667,True
openmetadata-service/src/main/java/org/openmetadata/service/entity/types/table/TableMetadataLoader.java,org/openmetadata/service/entity/types/table/TableMetadataLoader,74,0,100.0,True
openmetadata-service/src/main/java/org/openmetadata/service/entity/types/table/TableMetadataLoader.java,org/openmetadata/service/entity/types/table/TableMetadataLoader$MetricsByTable,1,0,100.0,True
openmetadata-service/src/main/java/org/openmetadata/service/entity/write/DeferredCacheInvalidations.java,org/openmetadata/service/entity/write/DeferredCacheInvalidations,41,0,100.0,True
openmetadata-service/src/main/java/org/openmetadata/service/entity/write/DeferredCacheInvalidations.java,org/openmetadata/service/entity/write/DeferredCacheInvalidations$Identity,1,0,100.0,True
openmetadata-service/src/main/java/org/openmetadata/service/entity/write/DeferredCacheInvalidations.java,org/openmetadata/service/entity/write/DeferredCacheInvalidations$Invalidation,1,0,100.0,True
openmetadata-service/src/main/java/org/openmetadata/service/entity/write/DeferredCacheInvalidations.java,org/openmetadata/service/entity/write/DeferredCacheInvalidations$Invalidator,0,0,,True
openmetadata-service/src/main/java/org/openmetadata/service/entity/write/EntityCacheWriter.java,org/openmetadata/service/entity/write/EntityCacheWriter,40,2,95.23809523809524,True
openmetadata-service/src/main/java/org/openmetadata/service/entity/write/EntityChangeRecorder.java,org/openmetadata/service/entity/write/EntityChangeRecorder,48,4,92.3076923076923,True
openmetadata-service/src/main/java/org/openmetadata/service/entity/write/EntityChangeRecorder.java,org/openmetadata/service/entity/write/EntityChangeRecorder$ListChange,6,0,100.0,True
openmetadata-service/src/main/java/org/openmetadata/service/entity/write/EntityChangeRecorder.java,org/openmetadata/service/entity/write/EntityChangeRecorder$Matches,0,0,,True
openmetadata-service/src/main/java/org/openmetadata/service/entity/write/EntityColumnMutation.java,org/openmetadata/service/entity/write/EntityColumnMutation,1,0,100.0,True
openmetadata-service/src/main/java/org/openmetadata/service/entity/write/EntityColumnUpdater.java,org/openmetadata/service/entity/write/EntityColumnUpdater,35,1,97.22222222222223,True
openmetadata-service/src/main/java/org/openmetadata/service/entity/write/EntityColumnUpdater.java,org/openmetadata/service/entity/write/EntityColumnUpdater$LineageChanges,6,0,100.0,True
openmetadata-service/src/main/java/org/openmetadata/service/entity/write/EntityCommandActor.java,org/openmetadata/service/entity/write/EntityCommandActor,1,0,100.0,True
openmetadata-service/src/main/java/org/openmetadata/service/entity/write/EntityCommands.java,org/openmetadata/service/entity/write/EntityCommands,24,0,100.0,True
openmetadata-service/src/main/java/org/openmetadata/service/entity/write/EntityCommands.java,org/openmetadata/service/entity/write/EntityCommands$Policies,1,0,100.0,True
openmetadata-service/src/main/java/org/openmetadata/service/entity/write/EntityCommands.java,org/openmetadata/service/entity/write/EntityCommands$Reads,1,0,100.0,True
openmetadata-service/src/main/java/org/openmetadata/service/entity/write/EntityCommands.java,org/openmetadata/service/entity/write/EntityCommands$Selections,1,0,100.0,True
openmetadata-service/src/main/java/org/openmetadata/service/entity/write/EntityCommands.java,org/openmetadata/service/entity/write/EntityCommands$Writes,1,0,100.0,True
openmetadata-service/src/main/java/org/openmetadata/service/entity/write/EntityCreateWorkflow.java,org/openmetadata/service/entity/write/EntityCreateWorkflow,43,0,100.0,True
openmetadata-service/src/main/java/org/openmetadata/service/entity/write/EntityCreateWorkflow.java,org/openmetadata/service/entity/write/EntityCreateWorkflow$Batch,1,0,100.0,True
openmetadata-service/src/main/java/org/openmetadata/service/entity/write/EntityCreateWorkflow.java,org/openmetadata/service/entity/write/EntityCreateWorkflow$Effects,1,0,100.0,True
openmetadata-service/src/main/java/org/openmetadata/service/entity/write/EntityCreateWorkflow.java,org/openmetadata/service/entity/write/EntityCreateWorkflow$Writes,1,0,100.0,True
openmetadata-service/src/main/java/org/openmetadata/service/entity/write/EntityCreates.java,org/openmetadata/service/entity/write/EntityCreates,0,0,,True
openmetadata-service/src/main/java/org/openmetadata/service/entity/write/EntityCreationService.java,org/openmetadata/service/entity/write/EntityCreationService,35,0,100.0,True
openmetadata-service/src/main/java/org/openmetadata/service/entity/write/EntityCreationService.java,org/openmetadata/service/entity/write/EntityCreationService$Steps,1,0,100.0,True
openmetadata-service/src/main/java/org/openmetadata/service/entity/write/EntityDeferredUpdate.java,org/openmetadata/service/entity/write/EntityDeferredUpdate,0,0,,True
openmetadata-service/src/main/java/org/openmetadata/service/entity/write/EntityEventService.java,org/openmetadata/service/entity/write/EntityEventService,45,0,100.0,True
openmetadata-service/src/main/java/org/openmetadata/service/entity/write/EntityEventService.java,org/openmetadata/service/entity/write/EntityEventService$Factory,0,0,,True
openmetadata-service/src/main/java/org/openmetadata/service/entity/write/EntityImportBatch.java,org/openmetadata/service/entity/write/EntityImportBatch,28,0,100.0,True
openmetadata-service/src/main/java/org/openmetadata/service/entity/write/EntityImportBatch.java,org/openmetadata/service/entity/write/EntityImportBatch$Partition,1,0,100.0,True
openmetadata-service/src/main/java/org/openmetadata/service/entity/write/EntityImportBatch.java,org/openmetadata/service/entity/write/EntityImportBatch$Update,0,0,,True
openmetadata-service/src/main/java/org/openmetadata/service/entity/write/EntityImportBatch.java,org/openmetadata/service/entity/write/EntityImportBatch$Writes,1,0,100.0,True
openmetadata-service/src/main/java/org/openmetadata/service/entity/write/EntityImportCommands.java,org/openmetadata/service/entity/write/EntityImportCommands,17,0,100.0,True
openmetadata-service/src/main/java/org/openmetadata/service/entity/write/EntityImportCommands.java,org/openmetadata/service/entity/write/EntityImportCommands$ActorUpsert,0,0,,True
openmetadata-service/src/main/java/org/openmetadata/service/entity/write/EntityImportCommands.java,org/openmetadata/service/entity/write/EntityImportCommands$Policy,1,0,100.0,True
openmetadata-service/src/main/java/org/openmetadata/service/entity/write/EntityImportCommands.java,org/openmetadata/service/entity/write/EntityImportCommands$Upsert,0,0,,True
openmetadata-service/src/main/java/org/openmetadata/service/entity/write/EntityImportService.java,org/openmetadata/service/entity/write/EntityImportService,47,0,100.0,True
openmetadata-service/src/main/java/org/openmetadata/service/entity/write/EntityImportService.java,org/openmetadata/service/entity/write/EntityImportService$Boundary,1,0,100.0,True
openmetadata-service/src/main/java/org/openmetadata/service/entity/write/EntityImportService.java,org/openmetadata/service/entity/write/EntityImportService$Effects,1,0,100.0,True
openmetadata-service/src/main/java/org/openmetadata/service/entity/write/EntityImportService.java,org/openmetadata/service/entity/write/EntityImportService$Metadata,1,0,100.0,True
openmetadata-service/src/main/java/org/openmetadata/service/entity/write/EntityImportService.java,org/openmetadata/service/entity/write/EntityImportService$Rows,1,0,100.0,True
openmetadata-service/src/main/java/org/openmetadata/service/entity/write/EntityImports.java,org/openmetadata/service/entity/write/EntityImports,0,0,,True
openmetadata-service/src/main/java/org/openmetadata/service/entity/write/EntityLifecyclePublisher.java,org/openmetadata/service/entity/write/EntityLifecyclePublisher,48,0,100.0,True
openmetadata-service/src/main/java/org/openmetadata/service/entity/write/EntityLifecyclePublisher.java,org/openmetadata/service/entity/write/EntityLifecyclePublisher$Deletes,1,0,100.0,True
openmetadata-service/src/main/java/org/openmetadata/service/entity/write/EntityLifecyclePublisher.java,org/openmetadata/service/entity/write/EntityLifecyclePublisher$Projections,1,0,100.0,True
openmetadata-service/src/main/java/org/openmetadata/service/entity/write/EntityLifecyclePublisher.java,org/openmetadata/service/entity/write/EntityLifecyclePublisher$Writes,1,0,100.0,True
openmetadata-service/src/main/java/org/openmetadata/service/entity/write/EntityMutationLifecycle.java,org/openmetadata/service/entity/write/EntityMutationLifecycle,26,0,100.0,True
openmetadata-service/src/main/java/org/openmetadata/service/entity/write/EntityMutationLifecycle.java,org/openmetadata/service/entity/write/EntityMutationLifecycle$Attempt,11,0,100.0,True
openmetadata-service/src/main/java/org/openmetadata/service/entity/write/EntityMutationLifecycle.java,org/openmetadata/service/entity/write/EntityMutationLifecycle$Execution,1,0,100.0,True
openmetadata-service/src/main/java/org/openmetadata/service/entity/write/EntityMutationLifecycle.java,org/openmetadata/service/entity/write/EntityMutationLifecycle$Flush,0,0,,True
openmetadata-service/src/main/java/org/openmetadata/service/entity/write/EntityMutationLifecycle.java,org/openmetadata/service/entity/write/EntityMutationLifecycle$Mode,7,0,100.0,True
openmetadata-service/src/main/java/org/openmetadata/service/entity/write/EntityMutationLifecycle.java,org/openmetadata/service/entity/write/EntityMutationLifecycle$Session,0,0,,True
openmetadata-service/src/main/java/org/openmetadata/service/entity/write/EntityMutationPermissions.java,org/openmetadata/service/entity/write/EntityMutationPermissions,14,0,100.0,True
openmetadata-service/src/main/java/org/openmetadata/service/entity/write/EntityMutationPipeline.java,org/openmetadata/service/entity/write/EntityMutationPipeline,16,0,100.0,True
openmetadata-service/src/main/java/org/openmetadata/service/entity/write/EntityMutationPipeline.java,org/openmetadata/service/entity/write/EntityMutationPipeline$Context,1,0,100.0,True
openmetadata-service/src/main/java/org/openmetadata/service/entity/write/EntityMutationPipeline.java,org/openmetadata/service/entity/write/EntityMutationPipeline$Preparation,1,0,100.0,True
openmetadata-service/src/main/java/org/openmetadata/service/entity/write/EntityMutationPipeline.java,org/openmetadata/service/entity/write/EntityMutationPipeline$Step,1,0,100.0,True
openmetadata-service/src/main/java/org/openmetadata/service/entity/write/EntityMutationPlan.java,org/openmetadata/service/entity/write/EntityMutationPlan,51,0,100.0,True
openmetadata-service/src/main/java/org/openmetadata/service/entity/write/EntityMutationPlan.java,org/openmetadata/service/entity/write/EntityMutationPlan$Metadata,1,0,100.0,True
openmetadata-service/src/main/java/org/openmetadata/service/entity/write/EntityMutationPlan.java,org/openmetadata/service/entity/write/EntityMutationPlan$Values,1,0,100.0,True
openmetadata-service/src/main/java/org/openmetadata/service/entity/write/EntityMutationServices.java,org/openmetadata/service/entity/write/EntityMutationServices,48,0,100.0,True
openmetadata-service/src/main/java/org/openmetadata/service/entity/write/EntityMutationServices.java,org/openmetadata/service/entity/write/EntityMutationServices$Certification,1,0,100.0,True
openmetadata-service/src/main/java/org/openmetadata/service/entity/write/EntityMutationServices.java,org/openmetadata/service/entity/write/EntityMutationServices$Execution,1,0,100.0,True
openmetadata-service/src/main/java/org/openmetadata/service/entity/write/EntityMutationServices.java,org/openmetadata/service/entity/write/EntityMutationServices$Governance,1,0,100.0,True
openmetadata-service/src/main/java/org/openmetadata/service/entity/write/EntityMutationServices.java,org/openmetadata/service/entity/write/EntityMutationServices$Metadata,1,0,100.0,True
openmetadata-service/src/main/java/org/openmetadata/service/entity/write/EntityMutationServices.java,org/openmetadata/service/entity/write/EntityMutationServices$Policies,1,0,100.0,True
openmetadata-service/src/main/java/org/openmetadata/service/entity/write/EntityMutationServices.java,org/openmetadata/service/entity/write/EntityMutationServices$Schema,3,0,100.0,True
openmetadata-service/src/main/java/org/openmetadata/service/entity/write/EntityMutationState.java,org/openmetadata/service/entity/write/EntityMutationState,0,0,,True
openmetadata-service/src/main/java/org/openmetadata/service/entity/write/EntityOperation.java,org/openmetadata/service/entity/write/EntityOperation,7,0,100.0,True
openmetadata-service/src/main/java/org/openmetadata/service/entity/write/EntityPatchPreparation.java,org/openmetadata/service/entity/write/EntityPatchPreparation,28,0,100.0,True
openmetadata-service/src/main/java/org/openmetadata/service/entity/write/EntityPatchPreparation.java,org/openmetadata/service/entity/write/EntityPatchPreparation$References,1,0,100.0,True
openmetadata-service/src/main/java/org/openmetadata/service/entity/write/EntityPatchPreparation.java,org/openmetadata/service/entity/write/EntityPatchPreparation$Rules,1,0,100.0,True
openmetadata-service/src/main/java/org/openmetadata/service/entity/write/EntityPatchService.java,org/openmetadata/service/entity/write/EntityPatchService,46,0,100.0,True
openmetadata-service/src/main/java/org/openmetadata/service/entity/write/EntityPatchService.java,org/openmetadata/service/entity/write/EntityPatchService$Options,1,0,100.0,True
openmetadata-service/src/main/java/org/openmetadata/service/entity/write/EntityPatchService.java,org/openmetadata/service/entity/write/EntityPatchService$Projection,1,0,100.0,True
openmetadata-service/src/main/java/org/openmetadata/service/entity/write/EntityPatchService.java,org/openmetadata/service/entity/write/EntityPatchService$Readers,1,0,100.0,True
openmetadata-service/src/main/java/org/openmetadata/service/entity/write/EntityPatchService.java,org/openmetadata/service/entity/write/EntityPatchService$Target,0,0,,True
openmetadata-service/src/main/java/org/openmetadata/service/entity/write/EntityPatchService.java,org/openmetadata/service/entity/write/EntityPatchService$Target$Id,1,0,100.0,True
openmetadata-service/src/main/java/org/openmetadata/service/entity/write/EntityPatchService.java,org/openmetadata/service/entity/write/EntityPatchService$Target$Name,1,0,100.0,True
openmetadata-service/src/main/java/org/openmetadata/service/entity/write/EntityPatches.java,org/openmetadata/service/entity/write/EntityPatches,0,0,,True
openmetadata-service/src/main/java/org/openmetadata/service/entity/write/EntityPersistence.java,org/openmetadata/service/entity/write/EntityPersistence,42,0,100.0,True
openmetadata-service/src/main/java/org/openmetadata/service/entity/write/EntityPersistence.java,org/openmetadata/service/entity/write/EntityPersistence$Boundaries,1,0,100.0,True
openmetadata-service/src/main/java/org/openmetadata/service/entity/write/EntityPersistence.java,org/openmetadata/service/entity/write/EntityPersistence$Boundary,0,0,,True
openmetadata-service/src/main/java/org/openmetadata/service/entity/write/EntityPersistence.java,org/openmetadata/service/entity/write/EntityPersistence$Cache,1,0,100.0,True
openmetadata-service/src/main/java/org/openmetadata/service/entity/write/EntityPersistence.java,org/openmetadata/service/entity/write/EntityPersistence$Policy,1,0,100.0,True
openmetadata-service/src/main/java/org/openmetadata/service/entity/write/EntityPersistence.java,org/openmetadata/service/entity/write/EntityPersistence$Schema,1,0,100.0,True
openmetadata-service/src/main/java/org/openmetadata/service/entity/write/EntityPostCommitEffects.java,org/openmetadata/service/entity/write/EntityPostCommitEffects,40,2,95.23809523809524,True
openmetadata-service/src/main/java/org/openmetadata/service/entity/write/EntityPostCommitEffects.java,org/openmetadata/service/entity/write/EntityPostCommitEffects$Scope,62,0,100.0,True
openmetadata-service/src/main/java/org/openmetadata/service/entity/write/EntityPreparation.java,org/openmetadata/service/entity/write/EntityPreparation,9,0,100.0,True
openmetadata-service/src/main/java/org/openmetadata/service/entity/write/EntityPreparation.java,org/openmetadata/service/entity/write/EntityPreparation$Steps,1,0,100.0,True
openmetadata-service/src/main/java/org/openmetadata/service/entity/write/EntityPrepares.java,org/openmetadata/service/entity/write/EntityPrepares,0,0,,True
openmetadata-service/src/main/java/org/openmetadata/service/entity/write/EntityPutService.java,org/openmetadata/service/entity/write/EntityPutService,31,0,100.0,True
openmetadata-service/src/main/java/org/openmetadata/service/entity/write/EntityPutService.java,org/openmetadata/service/entity/write/EntityPutService$Mode,4,0,100.0,True
openmetadata-service/src/main/java/org/openmetadata/service/entity/write/EntityPutService.java,org/openmetadata/service/entity/write/EntityPutService$Preparation,1,0,100.0,True
openmetadata-service/src/main/java/org/openmetadata/service/entity/write/EntityPutService.java,org/openmetadata/service/entity/write/EntityPutService$Projection,1,0,100.0,True
openmetadata-service/src/main/java/org/openmetadata/service/entity/write/EntityPuts.java,org/openmetadata/service/entity/write/EntityPuts,0,0,,True
openmetadata-service/src/main/java/org/openmetadata/service/entity/write/EntitySpecificMutation.java,org/openmetadata/service/entity/write/EntitySpecificMutation,25,0,100.0,True
openmetadata-service/src/main/java/org/openmetadata/service/entity/write/EntitySpecificMutation.java,org/openmetadata/service/entity/write/EntitySpecificMutation$Standard,1,0,100.0,True
openmetadata-service/src/main/java/org/openmetadata/service/entity/write/EntitySpecificMutation.java,org/openmetadata/service/entity/write/EntitySpecificMutation$Standard$1,1,0,100.0,True
openmetadata-service/src/main/java/org/openmetadata/service/entity/write/EntityStore.java,org/openmetadata/service/entity/write/EntityStore,64,0,100.0,True
openmetadata-service/src/main/java/org/openmetadata/service/entity/write/EntityStore.java,org/openmetadata/service/entity/write/EntityStore$BatchRows,1,0,100.0,True
openmetadata-service/src/main/java/org/openmetadata/service/entity/write/EntityUnitOfWork.java,org/openmetadata/service/entity/write/EntityUnitOfWork,23,0,100.0,True
openmetadata-service/src/main/java/org/openmetadata/service/entity/write/EntityUnitOfWork.java,org/openmetadata/service/entity/write/EntityUnitOfWork$JdbiBoundary,2,0,100.0,True
openmetadata-service/src/main/java/org/openmetadata/service/entity/write/EntityUnitOfWork.java,org/openmetadata/service/entity/write/EntityUnitOfWork$RetainedDaoBoundary,2,0,100.0,True
openmetadata-service/src/main/java/org/openmetadata/service/entity/write/EntityUnitOfWork.java,org/openmetadata/service/entity/write/EntityUnitOfWork$TransactionBoundary,0,0,,True
openmetadata-service/src/main/java/org/openmetadata/service/entity/write/EntityUpdateCommand.java,org/openmetadata/service/entity/write/EntityUpdateCommand,0,0,,True
openmetadata-service/src/main/java/org/openmetadata/service/entity/write/EntityUpdateContext.java,org/openmetadata/service/entity/write/EntityUpdateContext,1,0,100.0,True
openmetadata-service/src/main/java/org/openmetadata/service/entity/write/EntityUpdateContext.java,org/openmetadata/service/entity/write/EntityUpdateContext$Columns,1,0,100.0,True
openmetadata-service/src/main/java/org/openmetadata/service/entity/write/EntityUpdateContext.java,org/openmetadata/service/entity/write/EntityUpdateContext$Execution,1,0,100.0,True
openmetadata-service/src/main/java/org/openmetadata/service/entity/write/EntityUpdateContext.java,org/openmetadata/service/entity/write/EntityUpdateContext$Hooks,1,0,100.0,True
openmetadata-service/src/main/java/org/openmetadata/service/entity/write/EntityUpdateContext.java,org/openmetadata/service/entity/write/EntityUpdateContext$Metadata,1,0,100.0,True
openmetadata-service/src/main/java/org/openmetadata/service/entity/write/EntityUpdateContext.java,org/openmetadata/service/entity/write/EntityUpdateContext$Owners,0,0,,True
openmetadata-service/src/main/java/org/openmetadata/service/entity/write/EntityUpdateFactory.java,org/openmetadata/service/entity/write/EntityUpdateFactory,0,0,,True
openmetadata-service/src/main/java/org/openmetadata/service/entity/write/EntityUpdateRequest.java,org/openmetadata/service/entity/write/EntityUpdateRequest,1,0,100.0,True
openmetadata-service/src/main/java/org/openmetadata/service/entity/write/EntityUpdateSnapshot.java,org/openmetadata/service/entity/write/EntityUpdateSnapshot,36,0,100.0,True
openmetadata-service/src/main/java/org/openmetadata/service/entity/write/EntityUpdateSnapshot.java,org/openmetadata/service/entity/write/EntityUpdateSnapshot$Changes,1,0,100.0,True
openmetadata-service/src/main/java/org/openmetadata/service/entity/write/EntityUpdateSnapshot.java,org/openmetadata/service/entity/write/EntityUpdateSnapshot$Flags,1,0,100.0,True
openmetadata-service/src/main/java/org/openmetadata/service/entity/write/EntityUpdateStore.java,org/openmetadata/service/entity/write/EntityUpdateStore,44,0,100.0,True
openmetadata-service/src/main/java/org/openmetadata/service/entity/write/EntityUpdateStore.java,org/openmetadata/service/entity/write/EntityUpdateStore$Rows,1,0,100.0,True
openmetadata-service/src/main/java/org/openmetadata/service/entity/write/EntityUpdateWorkflow.java,org/openmetadata/service/entity/write/EntityUpdateWorkflow,78,0,100.0,True
openmetadata-service/src/main/java/org/openmetadata/service/entity/write/EntityUpdateWorkflow.java,org/openmetadata/service/entity/write/EntityUpdateWorkflow$Session,0,0,,True
openmetadata-service/src/main/java/org/openmetadata/service/entity/write/EntityUpdater.java,org/openmetadata/service/entity/write/EntityUpdater,157,8,95.15151515151516,True
openmetadata-service/src/main/java/org/openmetadata/service/entity/write/GlossaryTermImportPolicy.java,org/openmetadata/service/entity/write/GlossaryTermImportPolicy,22,0,100.0,True
openmetadata-service/src/main/java/org/openmetadata/service/entity/write/GlossaryTermImportPolicy.java,org/openmetadata/service/entity/write/GlossaryTermImportPolicy$Reads,1,0,100.0,True
openmetadata-service/src/main/java/org/openmetadata/service/entity/write/GlossaryTermImportPolicy.java,org/openmetadata/service/entity/write/GlossaryTermImportPolicy$Writes,1,0,100.0,True
openmetadata-service/src/main/java/org/openmetadata/service/entity/write/PatchFieldSelection.java,org/openmetadata/service/entity/write/PatchFieldSelection,11,0,100.0,True
openmetadata-service/src/main/java/org/openmetadata/service/entity/write/StorageProjection.java,org/openmetadata/service/entity/write/StorageProjection,7,0,100.0,True
openmetadata-service/src/main/java/org/openmetadata/service/entity/write/StoredEntity.java,org/openmetadata/service/entity/write/StoredEntity,1,0,100.0,True
openmetadata-service/src/main/java/org/openmetadata/service/entity/write/StoredEntityCapture.java,org/openmetadata/service/entity/write/StoredEntityCapture,27,0,100.0,True
openmetadata-service/src/main/java/org/openmetadata/service/entity/write/StoredEntityCapture.java,org/openmetadata/service/entity/write/StoredEntityCapture$Captured,1,0,100.0,True
openmetadata-service/src/main/java/org/openmetadata/service/entity/write/StoredEntityCollector.java,org/openmetadata/service/entity/write/StoredEntityCollector,17,0,100.0,True
openmetadata-service/src/main/java/org/openmetadata/service/events/scheduled/EventSubscriptionScheduler.java,org/openmetadata/service/events/scheduled/EventSubscriptionScheduler,296,96,75.51020408163265,False
openmetadata-service/src/main/java/org/openmetadata/service/events/scheduled/EventSubscriptionScheduler.java,org/openmetadata/service/events/scheduled/EventSubscriptionScheduler$CustomJobFactory,4,2,66.66666666666667,False
openmetadata-service/src/main/java/org/openmetadata/service/events/subscription/AlertsRuleEvaluator.java,org/openmetadata/service/events/subscription/AlertsRuleEvaluator,289,96,75.06493506493507,False
openmetadata-service/src/main/java/org/openmetadata/service/formatter/decorators/MessageDecorator.java,org/openmetadata/service/formatter/decorators/MessageDecorator,208,18,92.03539823008849,True
openmetadata-service/src/main/java/org/openmetadata/service/formatter/decorators/MessageDecorator.java,org/openmetadata/service/formatter/decorators/MessageDecorator$DQ_Template_Section,7,0,100.0,True
openmetadata-service/src/main/java/org/openmetadata/service/formatter/decorators/MessageDecorator.java,org/openmetadata/service/formatter/decorators/MessageDecorator$DQ_TestCaseDetailsKeys,9,0,100.0,True
openmetadata-service/src/main/java/org/openmetadata/service/formatter/decorators/MessageDecorator.java,org/openmetadata/service/formatter/decorators/MessageDecorator$DQ_TestCaseResultKeys,4,0,100.0,True
openmetadata-service/src/main/java/org/openmetadata/service/formatter/decorators/MessageDecorator.java,org/openmetadata/service/formatter/decorators/MessageDecorator$DQ_TestDefinitionKeys,3,0,100.0,True
openmetadata-service/src/main/java/org/openmetadata/service/formatter/decorators/MessageDecorator.java,org/openmetadata/service/formatter/decorators/MessageDecorator$DataContractDetailsKeys,8,0,100.0,True
openmetadata-service/src/main/java/org/openmetadata/service/formatter/decorators/MessageDecorator.java,org/openmetadata/service/formatter/decorators/MessageDecorator$DataContractResultKeys,4,0,100.0,True
openmetadata-service/src/main/java/org/openmetadata/service/formatter/decorators/MessageDecorator.java,org/openmetadata/service/formatter/decorators/MessageDecorator$EventDetailsKeys,7,0,100.0,True
openmetadata-service/src/main/java/org/openmetadata/service/formatter/decorators/MessageDecorator.java,org/openmetadata/service/formatter/decorators/MessageDecorator$General_Template_Section,2,0,100.0,True
openmetadata-service/src/main/java/org/openmetadata/service/formatter/decorators/MessageDecorator.java,org/openmetadata/service/formatter/decorators/MessageDecorator$TemplateDataBuilder,8,0,100.0,True
openmetadata-service/src/main/java/org/openmetadata/service/governance/workflows/WorkflowHandler.java,org/openmetadata/service/governance/workflows/WorkflowHandler,708,324,68.6046511627907,False
openmetadata-service/src/main/java/org/openmetadata/service/governance/workflows/WorkflowHandler.java,org/openmetadata/service/governance/workflows/WorkflowHandler$DeploymentCleanupResult,1,0,100.0,True
openmetadata-service/src/main/java/org/openmetadata/service/governance/workflows/elements/nodes/automatedTask/createAndRunIngestionPipeline/CreateIngestionPipelineImpl.java,org/openmetadata/service/governance/workflows/elements/nodes/automatedTask/createAndRunIngestionPipeline/CreateIngestionPipelineImpl,0,208,0.0,False
openmetadata-service/src/main/java/org/openmetadata/service/governance/workflows/elements/nodes/automatedTask/createAndRunIngestionPipeline/CreateIngestionPipelineImpl.java,org/openmetadata/service/governance/workflows/elements/nodes/automatedTask/createAndRunIngestionPipeline/CreateIngestionPipelineImpl$CreateIngestionPipelineResult,0,4,0.0,False
openmetadata-service/src/main/java/org/openmetadata/service/governance/workflows/elements/nodes/automatedTask/createAndRunIngestionPipeline/RunIngestionPipelineImpl.java,org/openmetadata/service/governance/workflows/elements/nodes/automatedTask/createAndRunIngestionPipeline/RunIngestionPipelineImpl,73,5,93.58974358974359,True
openmetadata-service/src/main/java/org/openmetadata/service/governance/workflows/elements/nodes/automatedTask/impl/RollbackEntityImpl.java,org/openmetadata/service/governance/workflows/elements/nodes/automatedTask/impl/RollbackEntityImpl,0,145,0.0,False
openmetadata-service/src/main/java/org/openmetadata/service/governance/workflows/elements/nodes/automatedTask/impl/SetEntityCertificationImpl.java,org/openmetadata/service/governance/workflows/elements/nodes/automatedTask/impl/SetEntityCertificationImpl,0,53,0.0,False
openmetadata-service/src/main/java/org/openmetadata/service/governance/workflows/elements/nodes/automatedTask/impl/SetGlossaryTermStatusImpl.java,org/openmetadata/service/governance/workflows/elements/nodes/automatedTask/impl/SetGlossaryTermStatusImpl,0,36,0.0,False
openmetadata-service/src/main/java/org/openmetadata/service/governance/workflows/elements/nodes/automatedTask/runApp/RunAppImpl.java,org/openmetadata/service/governance/workflows/elements/nodes/automatedTask/runApp/RunAppImpl,0,151,0.0,False
openmetadata-service/src/main/java/org/openmetadata/service/governance/workflows/elements/nodes/userTask/CreateTask.java,org/openmetadata/service/governance/workflows/elements/nodes/userTask/CreateTask,520,111,82.40887480190175,False
openmetadata-service/src/main/java/org/openmetadata/service/governance/workflows/elements/nodes/userTask/CreateTask.java,org/openmetadata/service/governance/workflows/elements/nodes/userTask/CreateTask$1,1,0,100.0,True
openmetadata-service/src/main/java/org/openmetadata/service/governance/workflows/elements/nodes/userTask/CreateTask.java,org/openmetadata/service/governance/workflows/elements/nodes/userTask/CreateTask$2,0,1,0.0,False
openmetadata-service/src/main/java/org/openmetadata/service/governance/workflows/elements/nodes/userTask/CreateTask.java,org/openmetadata/service/governance/workflows/elements/nodes/userTask/CreateTask$RecognizerFeedbackTaskPayload,1,0,100.0,True
openmetadata-service/src/main/java/org/openmetadata/service/governance/workflows/elements/nodes/userTask/impl/ExpireOnTimerImpl.java,org/openmetadata/service/governance/workflows/elements/nodes/userTask/impl/ExpireOnTimerImpl,0,46,0.0,False
openmetadata-service/src/main/java/org/openmetadata/service/governance/workflows/elements/nodes/userTask/impl/SetApprovalAssigneesImpl.java,org/openmetadata/service/governance/workflows/elements/nodes/userTask/impl/SetApprovalAssigneesImpl,172,66,72.26890756302521,False
openmetadata-service/src/main/java/org/openmetadata/service/governance/workflows/elements/nodes/userTask/impl/SetApprovalAssigneesImpl.java,org/openmetadata/service/governance/workflows/elements/nodes/userTask/impl/SetApprovalAssigneesImpl$1,1,0,100.0,True
openmetadata-service/src/main/java/org/openmetadata/service/governance/workflows/elements/nodes/userTask/impl/SetApprovalAssigneesImpl.java,org/openmetadata/service/governance/workflows/elements/nodes/userTask/impl/SetApprovalAssigneesImpl$2,0,1,0.0,False
openmetadata-service/src/main/java/org/openmetadata/service/initialization/LockManagerInitializer.java,org/openmetadata/service/initialization/LockManagerInitializer,0,27,0.0,False
openmetadata-service/src/main/java/org/openmetadata/service/jdbi3/AIApplicationRepository.java,org/openmetadata/service/jdbi3/AIApplicationRepository,18,0,100.0,True
openmetadata-service/src/main/java/org/openmetadata/service/jdbi3/AIApplicationRepository.java,org/openmetadata/service/jdbi3/AIApplicationRepository$AIApplicationUpdater,29,63,31.52173913043478,False
openmetadata-service/src/main/java/org/openmetadata/service/jdbi3/AIFrameworkControlRepository.java,org/openmetadata/service/jdbi3/AIFrameworkControlRepository,20,4,83.33333333333333,False
openmetadata-service/src/main/java/org/openmetadata/service/jdbi3/AIFrameworkControlRepository.java,org/openmetadata/service/jdbi3/AIFrameworkControlRepository$AIFrameworkControlUpdater,0,22,0.0,False
openmetadata-service/src/main/java/org/openmetadata/service/jdbi3/AIGovernanceFrameworkRepository.java,org/openmetadata/service/jdbi3/AIGovernanceFrameworkRepository,16,69,18.823529411764707,False
openmetadata-service/src/main/java/org/openmetadata/service/jdbi3/AIGovernanceFrameworkRepository.java,org/openmetadata/service/jdbi3/AIGovernanceFrameworkRepository$AIGovernanceFrameworkUpdater,0,38,0.0,False
openmetadata-service/src/main/java/org/openmetadata/service/jdbi3/AIGovernancePolicyRepository.java,org/openmetadata/service/jdbi3/AIGovernancePolicyRepository,17,0,100.0,True
openmetadata-service/src/main/java/org/openmetadata/service/jdbi3/AIGovernancePolicyRepository.java,org/openmetadata/service/jdbi3/AIGovernancePolicyRepository$AIGovernancePolicyUpdater,16,30,34.78260869565217,False
openmetadata-service/src/main/java/org/openmetadata/service/jdbi3/APICollectionRepository.java,org/openmetadata/service/jdbi3/APICollectionRepository,104,10,91.2280701754386,True
openmetadata-service/src/main/java/org/openmetadata/service/jdbi3/APICollectionRepository.java,org/openmetadata/service/jdbi3/APICollectionRepository$APICollectionUpdater,10,0,100.0,True
openmetadata-service/src/main/java/org/openmetadata/service/jdbi3/APIEndpointRepository.java,org/openmetadata/service/jdbi3/APIEndpointRepository,259,24,91.51943462897526,True
openmetadata-service/src/main/java/org/openmetadata/service/jdbi3/APIEndpointRepository.java,org/openmetadata/service/jdbi3/APIEndpointRepository$APIEndpointUpdater,81,33,71.05263157894737,False
openmetadata-service/src/main/java/org/openmetadata/service/jdbi3/APIServiceRepository.java,org/openmetadata/service/jdbi3/APIServiceRepository,13,0,100.0,True
openmetadata-service/src/main/java/org/openmetadata/service/jdbi3/AnnouncementRepository.java,org/openmetadata/service/jdbi3/AnnouncementRepository,101,59,63.125,False
openmetadata-service/src/main/java/org/openmetadata/service/jdbi3/AnnouncementRepository.java,org/openmetadata/service/jdbi3/AnnouncementRepository$AnnouncementUpdater,14,0,100.0,True
openmetadata-service/src/main/java/org/openmetadata/service/jdbi3/AppMarketPlaceRepository.java,org/openmetadata/service/jdbi3/AppMarketPlaceRepository,17,0,100.0,True
openmetadata-service/src/main/java/org/openmetadata/service/jdbi3/AppRepository.java,org/openmetadata/service/jdbi3/AppRepository,205,126,61.933534743202415,False
openmetadata-service/src/main/java/org/openmetadata/service/jdbi3/AppRepository.java,org/openmetadata/service/jdbi3/AppRepository$AppUpdater,21,0,100.0,True
openmetadata-service/src/main/java/org/openmetadata/service/jdbi3/AuditReportRepository.java,org/openmetadata/service/jdbi3/AuditReportRepository,10,7,58.8235294117647,False
openmetadata-service/src/main/java/org/openmetadata/service/jdbi3/AuditReportRepository.java,org/openmetadata/service/jdbi3/AuditReportRepository$AuditReportUpdater,0,34,0.0,False
openmetadata-service/src/main/java/org/openmetadata/service/jdbi3/BotRepository.java,org/openmetadata/service/jdbi3/BotRepository,42,10,80.76923076923077,False
openmetadata-service/src/main/java/org/openmetadata/service/jdbi3/BotRepository.java,org/openmetadata/service/jdbi3/BotRepository$BotUpdater,19,1,95.0,True
openmetadata-service/src/main/java/org/openmetadata/service/jdbi3/ChartRepository.java,org/openmetadata/service/jdbi3/ChartRepository,149,10,93.71069182389937,True
openmetadata-service/src/main/java/org/openmetadata/service/jdbi3/ChartRepository.java,org/openmetadata/service/jdbi3/ChartRepository$ChartUpdater,36,0,100.0,True
openmetadata-service/src/main/java/org/openmetadata/service/jdbi3/ClassificationRepository.java,org/openmetadata/service/jdbi3/ClassificationRepository,98,71,57.98816568047337,False
openmetadata-service/src/main/java/org/openmetadata/service/jdbi3/ClassificationRepository.java,org/openmetadata/service/jdbi3/ClassificationRepository$ClassificationCsv,77,12,86.51685393258427,False
openmetadata-service/src/main/java/org/openmetadata/service/jdbi3/ClassificationRepository.java,org/openmetadata/service/jdbi3/ClassificationRepository$ClassificationUpdater,78,6,92.85714285714286,True
openmetadata-service/src/main/java/org/openmetadata/service/jdbi3/ClassificationRepository.java,org/openmetadata/service/jdbi3/ClassificationRepository$TagLabelMapper,0,5,0.0,False
openmetadata-service/src/main/java/org/openmetadata/service/jdbi3/ColumnRepository.java,org/openmetadata/service/jdbi3/ColumnRepository,312,253,55.2212389380531,False
openmetadata-service/src/main/java/org/openmetadata/service/jdbi3/ContainerRepository.java,org/openmetadata/service/jdbi3/ContainerRepository,387,106,78.49898580121703,False
openmetadata-service/src/main/java/org/openmetadata/service/jdbi3/ContainerRepository.java,org/openmetadata/service/jdbi3/ContainerRepository$ContainerUpdater,141,8,94.63087248322148,True
openmetadata-service/src/main/java/org/openmetadata/service/jdbi3/ContextFileContentRepository.java,org/openmetadata/service/jdbi3/ContextFileContentRepository,8,27,22.857142857142858,False
openmetadata-service/src/main/java/org/openmetadata/service/jdbi3/ContextFileContentRepository.java,org/openmetadata/service/jdbi3/ContextFileContentRepository$ContextFileContentUpdater,0,21,0.0,False
openmetadata-service/src/main/java/org/openmetadata/service/jdbi3/ContextFileRepository.java,org/openmetadata/service/jdbi3/ContextFileRepository,16,224,6.666666666666667,False
openmetadata-service/src/main/java/org/openmetadata/service/jdbi3/ContextFileRepository.java,org/openmetadata/service/jdbi3/ContextFileRepository$ContextFileUpdater,0,40,0.0,False
openmetadata-service/src/main/java/org/openmetadata/service/jdbi3/ContextFileRepository.java,org/openmetadata/service/jdbi3/ContextFileRepository$UpdatedAtCursor,0,1,0.0,False
openmetadata-service/src/main/java/org/openmetadata/service/jdbi3/ContextMemoryRepository.java,org/openmetadata/service/jdbi3/ContextMemoryRepository,229,55,80.63380281690141,False
openmetadata-service/src/main/java/org/openmetadata/service/jdbi3/ContextMemoryRepository.java,org/openmetadata/service/jdbi3/ContextMemoryRepository$ContextMemoryUpdater,78,4,95.1219512195122,True
openmetadata-service/src/main/java/org/openmetadata/service/jdbi3/CoreRelationshipDAOs.java,org/openmetadata/service/jdbi3/CoreRelationshipDAOs,0,0,,True
openmetadata-service/src/main/java/org/openmetadata/service/jdbi3/CoreRelationshipDAOs.java,org/openmetadata/service/jdbi3/CoreRelationshipDAOs$EntityExtensionDAO,8,12,40.0,False
openmetadata-service/src/main/java/org/openmetadata/service/jdbi3/CoreRelationshipDAOs.java,org/openmetadata/service/jdbi3/CoreRelationshipDAOs$EntityRelationshipCount,0,0,,True
openmetadata-service/src/main/java/org/openmetadata/service/jdbi3/CoreRelationshipDAOs.java,org/openmetadata/service/jdbi3/CoreRelationshipDAOs$EntityRelationshipCount$EntityRelationshipCountBuilder,0,0,,True
openmetadata-service/src/main/java/org/openmetadata/service/jdbi3/CoreRelationshipDAOs.java,org/openmetadata/service/jdbi3/CoreRelationshipDAOs$EntityRelationshipDAO,100,8,92.5925925925926,True
openmetadata-service/src/main/java/org/openmetadata/service/jdbi3/CoreRelationshipDAOs.java,org/openmetadata/service/jdbi3/CoreRelationshipDAOs$EntityRelationshipDAO$FromRelationshipMapper,6,0,100.0,True
openmetadata-service/src/main/java/org/openmetadata/service/jdbi3/CoreRelationshipDAOs.java,org/openmetadata/service/jdbi3/CoreRelationshipDAOs$EntityRelationshipDAO$RelationTypeUsageCountMapper,12,1,92.3076923076923,True
openmetadata-service/src/main/java/org/openmetadata/service/jdbi3/CoreRelationshipDAOs.java,org/openmetadata/service/jdbi3/CoreRelationshipDAOs$EntityRelationshipDAO$RelationshipObjectMapper,10,0,100.0,True
openmetadata-service/src/main/java/org/openmetadata/service/jdbi3/CoreRelationshipDAOs.java,org/openmetadata/service/jdbi3/CoreRelationshipDAOs$EntityRelationshipDAO$RelationshipWithTypeObjectMapper,11,0,100.0,True
openmetadata-service/src/main/java/org/openmetadata/service/jdbi3/CoreRelationshipDAOs.java,org/openmetadata/service/jdbi3/CoreRelationshipDAOs$EntityRelationshipDAO$ToRelationshipCountMapper,5,0,100.0,True
openmetadata-service/src/main/java/org/openmetadata/service/jdbi3/CoreRelationshipDAOs.java,org/openmetadata/service/jdbi3/CoreRelationshipDAOs$EntityRelationshipDAO$ToRelationshipMapper,6,0,100.0,True
openmetadata-service/src/main/java/org/openmetadata/service/jdbi3/CoreRelationshipDAOs.java,org/openmetadata/service/jdbi3/CoreRelationshipDAOs$EntityRelationshipObject,0,0,,True
openmetadata-service/src/main/java/org/openmetadata/service/jdbi3/CoreRelationshipDAOs.java,org/openmetadata/service/jdbi3/CoreRelationshipDAOs$EntityRelationshipObject$EntityRelationshipObjectBuilder,0,0,,True
openmetadata-service/src/main/java/org/openmetadata/service/jdbi3/CoreRelationshipDAOs.java,org/openmetadata/service/jdbi3/CoreRelationshipDAOs$EntityRelationshipRecord,0,0,,True
openmetadata-service/src/main/java/org/openmetadata/service/jdbi3/CoreRelationshipDAOs.java,org/openmetadata/service/jdbi3/CoreRelationshipDAOs$EntityRelationshipRecord$EntityRelationshipRecordBuilder,0,0,,True
openmetadata-service/src/main/java/org/openmetadata/service/jdbi3/CoreRelationshipDAOs.java,org/openmetadata/service/jdbi3/CoreRelationshipDAOs$EntityVersionPair,4,0,100.0,True
openmetadata-service/src/main/java/org/openmetadata/service/jdbi3/CoreRelationshipDAOs.java,org/openmetadata/service/jdbi3/CoreRelationshipDAOs$ExtensionMapper,2,0,100.0,True
openmetadata-service/src/main/java/org/openmetadata/service/jdbi3/CoreRelationshipDAOs.java,org/openmetadata/service/jdbi3/CoreRelationshipDAOs$ExtensionRecord,1,0,100.0,True
openmetadata-service/src/main/java/org/openmetadata/service/jdbi3/CoreRelationshipDAOs.java,org/openmetadata/service/jdbi3/CoreRelationshipDAOs$ExtensionRecordWithId,1,0,100.0,True
openmetadata-service/src/main/java/org/openmetadata/service/jdbi3/CoreRelationshipDAOs.java,org/openmetadata/service/jdbi3/CoreRelationshipDAOs$ExtensionRecordWithIdMapper,5,0,100.0,True
openmetadata-service/src/main/java/org/openmetadata/service/jdbi3/CoreRelationshipDAOs.java,org/openmetadata/service/jdbi3/CoreRelationshipDAOs$ExtensionWithIdAndSchemaObject,0,0,,True
openmetadata-service/src/main/java/org/openmetadata/service/jdbi3/CoreRelationshipDAOs.java,org/openmetadata/service/jdbi3/CoreRelationshipDAOs$ExtensionWithIdAndSchemaObject$ExtensionWithIdAndSchemaObjectBuilder,0,0,,True
openmetadata-service/src/main/java/org/openmetadata/service/jdbi3/CoreRelationshipDAOs.java,org/openmetadata/service/jdbi3/CoreRelationshipDAOs$ExtensionWithIdAndSchemaRowMapper,1,5,16.666666666666668,False
openmetadata-service/src/main/java/org/openmetadata/service/jdbi3/CoreRelationshipDAOs.java,org/openmetadata/service/jdbi3/CoreRelationshipDAOs$FieldRelationshipDAO,21,4,84.0,False
openmetadata-service/src/main/java/org/openmetadata/service/jdbi3/CoreRelationshipDAOs.java,org/openmetadata/service/jdbi3/CoreRelationshipDAOs$FieldRelationshipDAO$FieldRelationShipMapper,1,1,50.0,False
openmetadata-service/src/main/java/org/openmetadata/service/jdbi3/CoreRelationshipDAOs.java,org/openmetadata/service/jdbi3/CoreRelationshipDAOs$FieldRelationshipDAO$FieldRelationship,1,0,100.0,True
openmetadata-service/src/main/java/org/openmetadata/service/jdbi3/CoreRelationshipDAOs.java,org/openmetadata/service/jdbi3/CoreRelationshipDAOs$FieldRelationshipDAO$FromFieldMapper,0,2,0.0,False
openmetadata-service/src/main/java/org/openmetadata/service/jdbi3/CoreRelationshipDAOs.java,org/openmetadata/service/jdbi3/CoreRelationshipDAOs$FieldRelationshipDAO$ToFieldMapper,2,0,100.0,True
openmetadata-service/src/main/java/org/openmetadata/service/jdbi3/CoreRelationshipDAOs.java,org/openmetadata/service/jdbi3/CoreRelationshipDAOs$OntologyRelationshipRow,1,0,100.0,True
openmetadata-service/src/main/java/org/openmetadata/service/jdbi3/CoreRelationshipDAOs.java,org/openmetadata/service/jdbi3/CoreRelationshipDAOs$QueryList,0,0,,True
openmetadata-service/src/main/java/org/openmetadata/service/jdbi3/CoreRelationshipDAOs.java,org/openmetadata/service/jdbi3/CoreRelationshipDAOs$QueryList$QueryListBuilder,0,0,,True
openmetadata-service/src/main/java/org/openmetadata/service/jdbi3/CoreRelationshipDAOs.java,org/openmetadata/service/jdbi3/CoreRelationshipDAOs$ReportDataRow,0,0,,True
openmetadata-service/src/main/java/org/openmetadata/service/jdbi3/CoreRelationshipDAOs.java,org/openmetadata/service/jdbi3/CoreRelationshipDAOs$ReportDataRow$ReportDataRowBuilder,0,0,,True
openmetadata-service/src/main/java/org/openmetadata/service/jdbi3/DashboardDataModelRepository.java,org/openmetadata/service/jdbi3/DashboardDataModelRepository,108,87,55.38461538461539,False
openmetadata-service/src/main/java/org/openmetadata/service/jdbi3/DashboardDataModelRepository.java,org/openmetadata/service/jdbi3/DashboardDataModelRepository$DataModelUpdater,24,0,100.0,True
openmetadata-service/src/main/java/org/openmetadata/service/jdbi3/DashboardRepository.java,org/openmetadata/service/jdbi3/DashboardRepository,338,52,86.66666666666667,False
openmetadata-service/src/main/java/org/openmetadata/service/jdbi3/DashboardRepository.java,org/openmetadata/service/jdbi3/DashboardRepository$DashboardUpdater,35,0,100.0,True
openmetadata-service/src/main/java/org/openmetadata/service/jdbi3/DashboardServiceRepository.java,org/openmetadata/service/jdbi3/DashboardServiceRepository,14,0,100.0,True
openmetadata-service/src/main/java/org/openmetadata/service/jdbi3/DataContractRepository.java,org/openmetadata/service/jdbi3/DataContractRepository,551,304,64.44444444444444,False
openmetadata-service/src/main/java/org/openmetadata/service/jdbi3/DataContractRepository.java,org/openmetadata/service/jdbi3/DataContractRepository$DataContractUpdater,81,1,98.78048780487805,True
openmetadata-service/src/main/java/org/openmetadata/service/jdbi3/DataContractRepository.java,org/openmetadata/service/jdbi3/DataContractRepository$SchemaValidationResult,3,0,100.0,True
openmetadata-service/src/main/java/org/openmetadata/service/jdbi3/DataInsightChartRepository.java,org/openmetadata/service/jdbi3/DataInsightChartRepository,22,13,62.857142857142854,False
openmetadata-service/src/main/java/org/openmetadata/service/jdbi3/DataInsightSystemChartRepository.java,org/openmetadata/service/jdbi3/DataInsightSystemChartRepository,71,386,15.536105032822757,False
openmetadata-service/src/main/java/org/openmetadata/service/jdbi3/DataInsightSystemChartRepository.java,org/openmetadata/service/jdbi3/DataInsightSystemChartRepository$StreamingSession,0,34,0.0,False
openmetadata-service/src/main/java/org/openmetadata/service/jdbi3/DataProductRepository.java,org/openmetadata/service/jdbi3/DataProductRepository,429,129,76.88172043010752,False
openmetadata-service/src/main/java/org/openmetadata/service/jdbi3/DataProductRepository.java,org/openmetadata/service/jdbi3/DataProductRepository$DataProductUpdater,177,5,97.25274725274726,True
openmetadata-service/src/main/java/org/openmetadata/service/jdbi3/DatabaseRepository.java,org/openmetadata/service/jdbi3/DatabaseRepository,167,98,63.0188679245283,False
openmetadata-service/src/main/java/org/openmetadata/service/jdbi3/DatabaseRepository.java,org/openmetadata/service/jdbi3/DatabaseRepository$DatabaseCsv,125,21,85.61643835616438,False
openmetadata-service/src/main/java/org/openmetadata/service/jdbi3/DatabaseRepository.java,org/openmetadata/service/jdbi3/DatabaseRepository$DatabaseUpdater,18,0,100.0,True
openmetadata-service/src/main/java/org/openmetadata/service/jdbi3/DatabaseSchemaRepository.java,org/openmetadata/service/jdbi3/DatabaseSchemaRepository,363,46,88.75305623471883,False
openmetadata-service/src/main/java/org/openmetadata/service/jdbi3/DatabaseSchemaRepository.java,org/openmetadata/service/jdbi3/DatabaseSchemaRepository$DatabaseSchemaCsv,102,35,74.45255474452554,False
openmetadata-service/src/main/java/org/openmetadata/service/jdbi3/DatabaseSchemaRepository.java,org/openmetadata/service/jdbi3/DatabaseSchemaRepository$DatabaseSchemaUpdater,18,0,100.0,True
openmetadata-service/src/main/java/org/openmetadata/service/jdbi3/DatabaseServiceRepository.java,org/openmetadata/service/jdbi3/DatabaseServiceRepository,30,2,93.75,True
openmetadata-service/src/main/java/org/openmetadata/service/jdbi3/DatabaseServiceRepository.java,org/openmetadata/service/jdbi3/DatabaseServiceRepository$DatabaseServiceCsv,144,64,69.23076923076923,False
openmetadata-service/src/main/java/org/openmetadata/service/jdbi3/DirectoryRepository.java,org/openmetadata/service/jdbi3/DirectoryRepository,190,88,68.34532374100719,False
openmetadata-service/src/main/java/org/openmetadata/service/jdbi3/DirectoryRepository.java,org/openmetadata/service/jdbi3/DirectoryRepository$DirectoryCsv,0,98,0.0,False
openmetadata-service/src/main/java/org/openmetadata/service/jdbi3/DirectoryRepository.java,org/openmetadata/service/jdbi3/DirectoryRepository$DirectoryUpdater,0,36,0.0,False
openmetadata-service/src/main/java/org/openmetadata/service/jdbi3/DocumentRepository.java,org/openmetadata/service/jdbi3/DocumentRepository,44,12,78.57142857142857,False
openmetadata-service/src/main/java/org/openmetadata/service/jdbi3/DocumentRepository.java,org/openmetadata/service/jdbi3/DocumentRepository$DocumentUpdater,12,0,100.0,True
openmetadata-service/src/main/java/org/openmetadata/service/jdbi3/DomainRepository.java,org/openmetadata/service/jdbi3/DomainRepository,416,91,82.05128205128206,False
openmetadata-service/src/main/java/org/openmetadata/service/jdbi3/DomainRepository.java,org/openmetadata/service/jdbi3/DomainRepository$DomainHardDeleteContext,5,0,100.0,True
openmetadata-service/src/main/java/org/openmetadata/service/jdbi3/DomainRepository.java,org/openmetadata/service/jdbi3/DomainRepository$DomainUpdater,86,2,97.72727272727273,True
openmetadata-service/src/main/java/org/openmetadata/service/jdbi3/DomainRepository.java,org/openmetadata/service/jdbi3/DomainRepository$RetainedDataProductCascadePlan,1,0,100.0,True
openmetadata-service/src/main/java/org/openmetadata/service/jdbi3/DriveServiceRepository.java,org/openmetadata/service/jdbi3/DriveServiceRepository,14,18,43.75,False
openmetadata-service/src/main/java/org/openmetadata/service/jdbi3/DriveServiceRepository.java,org/openmetadata/service/jdbi3/DriveServiceRepository$DriveServiceCsv,0,85,0.0,False
openmetadata-service/src/main/java/org/openmetadata/service/jdbi3/EntityDAO.java,org/openmetadata/service/jdbi3/EntityDAO,152,87,63.59832635983263,False
openmetadata-service/src/main/java/org/openmetadata/service/jdbi3/EntityDAO.java,org/openmetadata/service/jdbi3/EntityDAO$CursorRow,1,0,100.0,True
openmetadata-service/src/main/java/org/openmetadata/service/jdbi3/EntityDAO.java,org/openmetadata/service/jdbi3/EntityDAO$CursorRowMapper,2,0,100.0,True
openmetadata-service/src/main/java/org/openmetadata/service/jdbi3/EntityDAO.java,org/openmetadata/service/jdbi3/EntityDAO$EntityIdFqnPair,4,0,100.0,True
openmetadata-service/src/main/java/org/openmetadata/service/jdbi3/EntityDAO.java,org/openmetadata/service/jdbi3/EntityDAO$EntityIdFqnPairMapper,2,0,100.0,True
openmetadata-service/src/main/java/org/openmetadata/service/jdbi3/EntityDAO.java,org/openmetadata/service/jdbi3/EntityDAO$EntityIdJsonPair,1,0,100.0,True
openmetadata-service/src/main/java/org/openmetadata/service/jdbi3/EntityDAO.java,org/openmetadata/service/jdbi3/EntityDAO$EntityIdJsonPairMapper,2,0,100.0,True
openmetadata-service/src/main/java/org/openmetadata/service/jdbi3/EntityDAO.java,org/openmetadata/service/jdbi3/EntityDAO$EntityNameColumnHashJsonPair,1,0,100.0,True
openmetadata-service/src/main/java/org/openmetadata/service/jdbi3/EntityDAO.java,org/openmetadata/service/jdbi3/EntityDAO$EntityNameColumnHashJsonPairMapper,2,0,100.0,True
openmetadata-service/src/main/java/org/openmetadata/service/jdbi3/EntityDAO.java,org/openmetadata/service/jdbi3/EntityDAO$EntityReferenceRow,9,0,100.0,True
openmetadata-service/src/main/java/org/openmetadata/service/jdbi3/EntityDAO.java,org/openmetadata/service/jdbi3/EntityDAO$EntityReferenceRowMapper,8,0,100.0,True
openmetadata-service/src/main/java/org/openmetadata/service/jdbi3/EntityDAO.java,org/openmetadata/service/jdbi3/EntityDAO$ServiceTypeCount,1,0,100.0,True
openmetadata-service/src/main/java/org/openmetadata/service/jdbi3/EntityDAO.java,org/openmetadata/service/jdbi3/EntityDAO$ServiceTypeCountRowMapper,2,0,100.0,True
openmetadata-service/src/main/java/org/openmetadata/service/jdbi3/EntityTimeSeriesRepository.java,org/openmetadata/service/jdbi3/EntityTimeSeriesRepository,257,82,75.81120943952803,False
openmetadata-service/src/main/java/org/openmetadata/service/jdbi3/EventSubscriptionRepository.java,org/openmetadata/service/jdbi3/EventSubscriptionRepository,78,34,69.64285714285714,False
openmetadata-service/src/main/java/org/openmetadata/service/jdbi3/EventSubscriptionRepository.java,org/openmetadata/service/jdbi3/EventSubscriptionRepository$EventSubscriptionUpdater,70,0,100.0,True
openmetadata-service/src/main/java/org/openmetadata/service/jdbi3/FileRepository.java,org/openmetadata/service/jdbi3/FileRepository,86,62,58.108108108108105,False
openmetadata-service/src/main/java/org/openmetadata/service/jdbi3/FileRepository.java,org/openmetadata/service/jdbi3/FileRepository$FileCsv,0,104,0.0,False
openmetadata-service/src/main/java/org/openmetadata/service/jdbi3/FileRepository.java,org/openmetadata/service/jdbi3/FileRepository$FileUpdater,51,0,100.0,True
openmetadata-service/src/main/java/org/openmetadata/service/jdbi3/FolderRepository.java,org/openmetadata/service/jdbi3/FolderRepository,64,43,59.81308411214953,False
openmetadata-service/src/main/java/org/openmetadata/service/jdbi3/FolderRepository.java,org/openmetadata/service/jdbi3/FolderRepository$FolderUpdater,10,0,100.0,True
openmetadata-service/src/main/java/org/openmetadata/service/jdbi3/GlossaryRepository.java,org/openmetadata/service/jdbi3/GlossaryRepository,111,35,76.02739726027397,False
openmetadata-service/src/main/java/org/openmetadata/service/jdbi3/GlossaryRepository.java,org/openmetadata/service/jdbi3/GlossaryRepository$GlossaryCsv,131,45,74.43181818181819,False
openmetadata-service/src/main/java/org/openmetadata/service/jdbi3/GlossaryRepository.java,org/openmetadata/service/jdbi3/GlossaryRepository$GlossaryUpdater,69,1,98.57142857142857,True
openmetadata-service/src/main/java/org/openmetadata/service/jdbi3/GlossaryTermRepository.java,org/openmetadata/service/jdbi3/GlossaryTermRepository,1341,410,76.58480868075385,False
openmetadata-service/src/main/java/org/openmetadata/service/jdbi3/GlossaryTermRepository.java,org/openmetadata/service/jdbi3/GlossaryTermRepository$GlossaryTermUpdater,261,41,86.42384105960265,False
openmetadata-service/src/main/java/org/openmetadata/service/jdbi3/GlossaryTermRepository.java,org/openmetadata/service/jdbi3/GlossaryTermRepository$GraphLimits,5,0,100.0,True
openmetadata-service/src/main/java/org/openmetadata/service/jdbi3/GlossaryTermRepository.java,org/openmetadata/service/jdbi3/GlossaryTermRepository$OntologyDataGraphLimits,1,0,100.0,True
openmetadata-service/src/main/java/org/openmetadata/service/jdbi3/GlossaryTermRepository.java,org/openmetadata/service/jdbi3/GlossaryTermRepository$OntologyDataGraphRequest,1,0,100.0,True
openmetadata-service/src/main/java/org/openmetadata/service/jdbi3/GlossaryTermRepository.java,org/openmetadata/service/jdbi3/GlossaryTermRepository$RelationGraphAccumulator,54,0,100.0,True
openmetadata-service/src/main/java/org/openmetadata/service/jdbi3/IngestionPipelineRepository.java,org/openmetadata/service/jdbi3/IngestionPipelineRepository,511,239,68.13333333333334,False
openmetadata-service/src/main/java/org/openmetadata/service/jdbi3/IngestionPipelineRepository.java,org/openmetadata/service/jdbi3/IngestionPipelineRepository$DisplayNameCursor,1,0,100.0,True
openmetadata-service/src/main/java/org/openmetadata/service/jdbi3/IngestionPipelineRepository.java,org/openmetadata/service/jdbi3/IngestionPipelineRepository$ForcedDeleteResult,1,0,100.0,True
openmetadata-service/src/main/java/org/openmetadata/service/jdbi3/IngestionPipelineRepository.java,org/openmetadata/service/jdbi3/IngestionPipelineRepository$IngestionPipelineUpdater,76,21,78.35051546391753,False
openmetadata-service/src/main/java/org/openmetadata/service/jdbi3/IngestionPipelineRepository.java,org/openmetadata/service/jdbi3/IngestionPipelineRepository$SortDirection,4,0,100.0,True
openmetadata-service/src/main/java/org/openmetadata/service/jdbi3/IntakeFormRepository.java,org/openmetadata/service/jdbi3/IntakeFormRepository,50,1,98.03921568627452,True
openmetadata-service/src/main/java/org/openmetadata/service/jdbi3/IntakeFormRepository.java,org/openmetadata/service/jdbi3/IntakeFormRepository$IntakeFormUpdater,18,0,100.0,True
openmetadata-service/src/main/java/org/openmetadata/service/jdbi3/KnowledgePageRepository.java,org/openmetadata/service/jdbi3/KnowledgePageRepository,294,141,67.58620689655173,False
openmetadata-service/src/main/java/org/openmetadata/service/jdbi3/KnowledgePageRepository.java,org/openmetadata/service/jdbi3/KnowledgePageRepository$KnowledgePageUpdater,93,7,93.0,True
openmetadata-service/src/main/java/org/openmetadata/service/jdbi3/KpiRepository.java,org/openmetadata/service/jdbi3/KpiRepository,43,96,30.93525179856115,False
openmetadata-service/src/main/java/org/openmetadata/service/jdbi3/KpiRepository.java,org/openmetadata/service/jdbi3/KpiRepository$KpiUpdater,27,0,100.0,True
openmetadata-service/src/main/java/org/openmetadata/service/jdbi3/LLMModelRepository.java,org/openmetadata/service/jdbi3/LLMModelRepository,82,5,94.25287356321839,True
openmetadata-service/src/main/java/org/openmetadata/service/jdbi3/LLMModelRepository.java,org/openmetadata/service/jdbi3/LLMModelRepository$LLMModelUpdater,82,0,100.0,True
openmetadata-service/src/main/java/org/openmetadata/service/jdbi3/LLMServiceRepository.java,org/openmetadata/service/jdbi3/LLMServiceRepository,14,0,100.0,True
openmetadata-service/src/main/java/org/openmetadata/service/jdbi3/LearningResourceRepository.java,org/openmetadata/service/jdbi3/LearningResourceRepository,70,28,71.42857142857143,False
openmetadata-service/src/main/java/org/openmetadata/service/jdbi3/LearningResourceRepository.java,org/openmetadata/service/jdbi3/LearningResourceRepository$LearningResourceFilter,88,10,89.79591836734694,False
openmetadata-service/src/main/java/org/openmetadata/service/jdbi3/LearningResourceRepository.java,org/openmetadata/service/jdbi3/LearningResourceRepository$LearningResourceUpdater,31,0,100.0,True
openmetadata-service/src/main/java/org/openmetadata/service/jdbi3/McpServerRepository.java,org/openmetadata/service/jdbi3/McpServerRepository,56,2,96.55172413793103,True
openmetadata-service/src/main/java/org/openmetadata/service/jdbi3/McpServerRepository.java,org/openmetadata/service/jdbi3/McpServerRepository$McpServerUpdater,60,0,100.0,True
openmetadata-service/src/main/java/org/openmetadata/service/jdbi3/McpServiceRepository.java,org/openmetadata/service/jdbi3/McpServiceRepository,14,0,100.0,True
openmetadata-service/src/main/java/org/openmetadata/service/jdbi3/MessagingServiceRepository.java,org/openmetadata/service/jdbi3/MessagingServiceRepository,14,0,100.0,True
openmetadata-service/src/main/java/org/openmetadata/service/jdbi3/MetadataServiceRepository.java,org/openmetadata/service/jdbi3/MetadataServiceRepository,13,0,100.0,True
openmetadata-service/src/main/java/org/openmetadata/service/jdbi3/MetricRepository.java,org/openmetadata/service/jdbi3/MetricRepository,129,41,75.88235294117646,False
openmetadata-service/src/main/java/org/openmetadata/service/jdbi3/MetricRepository.java,org/openmetadata/service/jdbi3/MetricRepository$MetricCsv,79,31,71.81818181818181,False
openmetadata-service/src/main/java/org/openmetadata/service/jdbi3/MetricRepository.java,org/openmetadata/service/jdbi3/MetricRepository$MetricUpdater,70,3,95.89041095890411,True
openmetadata-service/src/main/java/org/openmetadata/service/jdbi3/MlModelRepository.java,org/openmetadata/service/jdbi3/MlModelRepository,189,26,87.90697674418605,False
openmetadata-service/src/main/java/org/openmetadata/service/jdbi3/MlModelRepository.java,org/openmetadata/service/jdbi3/MlModelRepository$MlModelUpdater,71,15,82.55813953488372,False
openmetadata-service/src/main/java/org/openmetadata/service/jdbi3/MlModelServiceRepository.java,org/openmetadata/service/jdbi3/MlModelServiceRepository,14,0,100.0,True
openmetadata-service/src/main/java/org/openmetadata/service/jdbi3/NotificationTemplateRepository.java,org/openmetadata/service/jdbi3/NotificationTemplateRepository,68,162,29.565217391304348,False
openmetadata-service/src/main/java/org/openmetadata/service/jdbi3/NotificationTemplateRepository.java,org/openmetadata/service/jdbi3/NotificationTemplateRepository$NotificationTemplateUpdater,14,10,58.333333333333336,False
openmetadata-service/src/main/java/org/openmetadata/service/jdbi3/OntologyAxiomRepository.java,org/openmetadata/service/jdbi3/OntologyAxiomRepository,40,2,95.23809523809524,True
openmetadata-service/src/main/java/org/openmetadata/service/jdbi3/OntologyAxiomRepository.java,org/openmetadata/service/jdbi3/OntologyAxiomRepository$OntologyAxiomUpdater,0,42,0.0,False
openmetadata-service/src/main/java/org/openmetadata/service/jdbi3/OntologyAxiomRepository.java,org/openmetadata/service/jdbi3/OntologyAxiomRepository$PersistentVocabularyIndex,2,1,66.66666666666667,False
openmetadata-service/src/main/java/org/openmetadata/service/jdbi3/OntologyChangeSetRepository.java,org/openmetadata/service/jdbi3/OntologyChangeSetRepository,77,18,81.05263157894737,False
openmetadata-service/src/main/java/org/openmetadata/service/jdbi3/OntologyChangeSetRepository.java,org/openmetadata/service/jdbi3/OntologyChangeSetRepository$OntologyChangeSetUpdater,24,1,96.0,True
openmetadata-service/src/main/java/org/openmetadata/service/jdbi3/PersonaRepository.java,org/openmetadata/service/jdbi3/PersonaRepository,175,16,91.62303664921465,True
openmetadata-service/src/main/java/org/openmetadata/service/jdbi3/PersonaRepository.java,org/openmetadata/service/jdbi3/PersonaRepository$PersonaUpdater,28,0,100.0,True
openmetadata-service/src/main/java/org/openmetadata/service/jdbi3/PipelineRepository.java,org/openmetadata/service/jdbi3/PipelineRepository,507,847,37.44460856720827,False
openmetadata-service/src/main/java/org/openmetadata/service/jdbi3/PipelineRepository.java,org/openmetadata/service/jdbi3/PipelineRepository$PipelineUpdater,71,2,97.26027397260275,True
openmetadata-service/src/main/java/org/openmetadata/service/jdbi3/PipelineRepository.java,org/openmetadata/service/jdbi3/PipelineRepository$StatusChange,1,0,100.0,True
openmetadata-service/src/main/java/org/openmetadata/service/jdbi3/PipelineRepository.java,org/openmetadata/service/jdbi3/PipelineRepository$StatusOutcome,4,0,100.0,True
openmetadata-service/src/main/java/org/openmetadata/service/jdbi3/PipelineServiceRepository.java,org/openmetadata/service/jdbi3/PipelineServiceRepository,14,0,100.0,True
openmetadata-service/src/main/java/org/openmetadata/service/jdbi3/PolicyRepository.java,org/openmetadata/service/jdbi3/PolicyRepository,81,27,75.0,False
openmetadata-service/src/main/java/org/openmetadata/service/jdbi3/PolicyRepository.java,org/openmetadata/service/jdbi3/PolicyRepository$PolicyUpdater,48,2,96.0,True
openmetadata-service/src/main/java/org/openmetadata/service/jdbi3/PromptTemplateRepository.java,org/openmetadata/service/jdbi3/PromptTemplateRepository,17,13,56.666666666666664,False
openmetadata-service/src/main/java/org/openmetadata/service/jdbi3/PromptTemplateRepository.java,org/openmetadata/service/jdbi3/PromptTemplateRepository$PromptTemplateUpdater,30,0,100.0,True
openmetadata-service/src/main/java/org/openmetadata/service/jdbi3/QueryRepository.java,org/openmetadata/service/jdbi3/QueryRepository,278,48,85.2760736196319,False
openmetadata-service/src/main/java/org/openmetadata/service/jdbi3/QueryRepository.java,org/openmetadata/service/jdbi3/QueryRepository$QueryUpdater,42,0,100.0,True
openmetadata-service/src/main/java/org/openmetadata/service/jdbi3/RecognizerFeedbackRepository.java,org/openmetadata/service/jdbi3/RecognizerFeedbackRepository,257,75,77.40963855421687,False
openmetadata-service/src/main/java/org/openmetadata/service/jdbi3/RecognizerFeedbackRepository.java,org/openmetadata/service/jdbi3/RecognizerFeedbackRepository$1,0,1,0.0,False
openmetadata-service/src/main/java/org/openmetadata/service/jdbi3/RecognizerFeedbackRepository.java,org/openmetadata/service/jdbi3/RecognizerFeedbackRepository$2,0,1,0.0,False
openmetadata-service/src/main/java/org/openmetadata/service/jdbi3/RelationshipTypeRepository.java,org/openmetadata/service/jdbi3/RelationshipTypeRepository,56,6,90.3225806451613,True
openmetadata-service/src/main/java/org/openmetadata/service/jdbi3/RelationshipTypeRepository.java,org/openmetadata/service/jdbi3/RelationshipTypeRepository$RelationshipTypeUpdater,56,1,98.24561403508773,True
openmetadata-service/src/main/java/org/openmetadata/service/jdbi3/ReportRepository.java,org/openmetadata/service/jdbi3/ReportRepository,9,16,36.0,False
openmetadata-service/src/main/java/org/openmetadata/service/jdbi3/RoleRepository.java,org/openmetadata/service/jdbi3/RoleRepository,119,9,92.96875,True
openmetadata-service/src/main/java/org/openmetadata/service/jdbi3/RoleRepository.java,org/openmetadata/service/jdbi3/RoleRepository$RoleUpdater,18,4,81.81818181818181,False
openmetadata-service/src/main/java/org/openmetadata/service/jdbi3/SearchIndexRepository.java,org/openmetadata/service/jdbi3/SearchIndexRepository,142,58,71.0,False
openmetadata-service/src/main/java/org/openmetadata/service/jdbi3/SearchIndexRepository.java,org/openmetadata/service/jdbi3/SearchIndexRepository$SearchIndexUpdater,90,12,88.23529411764706,False
openmetadata-service/src/main/java/org/openmetadata/service/jdbi3/SearchServiceRepository.java,org/openmetadata/service/jdbi3/SearchServiceRepository,13,0,100.0,True
openmetadata-service/src/main/java/org/openmetadata/service/jdbi3/SecurityServiceRepository.java,org/openmetadata/service/jdbi3/SecurityServiceRepository,27,11,71.05263157894737,False
openmetadata-service/src/main/java/org/openmetadata/service/jdbi3/SecurityServiceRepository.java,org/openmetadata/service/jdbi3/SecurityServiceRepository$SecurityServiceCsv,0,54,0.0,False
openmetadata-service/src/main/java/org/openmetadata/service/jdbi3/SecurityServiceRepository.java,org/openmetadata/service/jdbi3/SecurityServiceRepository$SecurityServiceUpdater,0,11,0.0,False
openmetadata-service/src/main/java/org/openmetadata/service/jdbi3/ServicesOverviewRepository.java,org/openmetadata/service/jdbi3/ServicesOverviewRepository,187,10,94.9238578680203,True
openmetadata-service/src/main/java/org/openmetadata/service/jdbi3/ServicesOverviewRepository.java,org/openmetadata/service/jdbi3/ServicesOverviewRepository$TypedKey,1,0,100.0,True
openmetadata-service/src/main/java/org/openmetadata/service/jdbi3/SpreadsheetRepository.java,org/openmetadata/service/jdbi3/SpreadsheetRepository,126,31,80.2547770700637,False
openmetadata-service/src/main/java/org/openmetadata/service/jdbi3/SpreadsheetRepository.java,org/openmetadata/service/jdbi3/SpreadsheetRepository$SpreadsheetCsv,0,117,0.0,False
openmetadata-service/src/main/java/org/openmetadata/service/jdbi3/SpreadsheetRepository.java,org/openmetadata/service/jdbi3/SpreadsheetRepository$SpreadsheetUpdater,0,34,0.0,False
openmetadata-service/src/main/java/org/openmetadata/service/jdbi3/StorageServiceRepository.java,org/openmetadata/service/jdbi3/StorageServiceRepository,13,0,100.0,True
openmetadata-service/src/main/java/org/openmetadata/service/jdbi3/StoredProcedureRepository.java,org/openmetadata/service/jdbi3/StoredProcedureRepository,118,20,85.5072463768116,False
openmetadata-service/src/main/java/org/openmetadata/service/jdbi3/StoredProcedureRepository.java,org/openmetadata/service/jdbi3/StoredProcedureRepository$StoredProcedureUpdater,34,3,91.89189189189189,True
openmetadata-service/src/main/java/org/openmetadata/service/jdbi3/SystemRepository.java,org/openmetadata/service/jdbi3/SystemRepository,542,812,40.02954209748892,False
openmetadata-service/src/main/java/org/openmetadata/service/jdbi3/SystemRepository.java,org/openmetadata/service/jdbi3/SystemRepository$1,0,1,0.0,False
openmetadata-service/src/main/java/org/openmetadata/service/jdbi3/SystemRepository.java,org/openmetadata/service/jdbi3/SystemRepository$DriftResult,1,0,100.0,True
openmetadata-service/src/main/java/org/openmetadata/service/jdbi3/SystemRepository.java,org/openmetadata/service/jdbi3/SystemRepository$ReindexStatus,1,0,100.0,True
openmetadata-service/src/main/java/org/openmetadata/service/jdbi3/SystemRepository.java,org/openmetadata/service/jdbi3/SystemRepository$SearchReindexStatus,3,0,100.0,True
openmetadata-service/src/main/java/org/openmetadata/service/jdbi3/SystemRepository.java,org/openmetadata/service/jdbi3/SystemRepository$ValidationStepDescription,10,0,100.0,True
openmetadata-service/src/main/java/org/openmetadata/service/jdbi3/TableRepository.java,org/openmetadata/service/jdbi3/TableRepository,1238,392,75.95092024539878,False
openmetadata-service/src/main/java/org/openmetadata/service/jdbi3/TableRepository.java,org/openmetadata/service/jdbi3/TableRepository$ColumnTagFilter,2,0,100.0,True
openmetadata-service/src/main/java/org/openmetadata/service/jdbi3/TableRepository.java,org/openmetadata/service/jdbi3/TableRepository$TableCsv,82,31,72.56637168141593,False
openmetadata-service/src/main/java/org/openmetadata/service/jdbi3/TableRepository.java,org/openmetadata/service/jdbi3/TableRepository$TableUpdater,130,4,97.01492537313433,True
openmetadata-service/src/main/java/org/openmetadata/service/jdbi3/TagRepository.java,org/openmetadata/service/jdbi3/TagRepository,422,215,66.2480376766091,False
openmetadata-service/src/main/java/org/openmetadata/service/jdbi3/TagRepository.java,org/openmetadata/service/jdbi3/TagRepository$TagUpdater,97,35,73.48484848484848,False
openmetadata-service/src/main/java/org/openmetadata/service/jdbi3/TaskFormSchemaRepository.java,org/openmetadata/service/jdbi3/TaskFormSchemaRepository,123,55,69.10112359550561,False
openmetadata-service/src/main/java/org/openmetadata/service/jdbi3/TaskFormSchemaRepository.java,org/openmetadata/service/jdbi3/TaskFormSchemaRepository$TaskFormSchemaUpdater,36,0,100.0,True
openmetadata-service/src/main/java/org/openmetadata/service/jdbi3/TaskRepository.java,org/openmetadata/service/jdbi3/TaskRepository,668,153,81.36419001218027,False
openmetadata-service/src/main/java/org/openmetadata/service/jdbi3/TaskRepository.java,org/openmetadata/service/jdbi3/TaskRepository$TaskUpdater,136,14,90.66666666666667,True
openmetadata-service/src/main/java/org/openmetadata/service/jdbi3/TeamRepository.java,org/openmetadata/service/jdbi3/TeamRepository,725,168,81.18701007838746,False
openmetadata-service/src/main/java/org/openmetadata/service/jdbi3/TeamRepository.java,org/openmetadata/service/jdbi3/TeamRepository$TeamCsv,50,28,64.1025641025641,False
openmetadata-service/src/main/java/org/openmetadata/service/jdbi3/TeamRepository.java,org/openmetadata/service/jdbi3/TeamRepository$TeamUpdater,127,9,93.38235294117646,True
openmetadata-service/src/main/java/org/openmetadata/service/jdbi3/TestCaseRepository.java,org/openmetadata/service/jdbi3/TestCaseRepository,835,192,81.3047711781889,False
openmetadata-service/src/main/java/org/openmetadata/service/jdbi3/TestCaseRepository.java,org/openmetadata/service/jdbi3/TestCaseRepository$Direction,3,0,100.0,True
openmetadata-service/src/main/java/org/openmetadata/service/jdbi3/TestCaseRepository.java,org/openmetadata/service/jdbi3/TestCaseRepository$LogicalSuiteRelationshipChange,6,0,100.0,True
openmetadata-service/src/main/java/org/openmetadata/service/jdbi3/TestCaseRepository.java,org/openmetadata/service/jdbi3/TestCaseRepository$TestCaseCsv,167,41,80.28846153846153,False
openmetadata-service/src/main/java/org/openmetadata/service/jdbi3/TestCaseRepository.java,org/openmetadata/service/jdbi3/TestCaseRepository$TestSuiteRelationshipRevision,1,0,100.0,True
openmetadata-service/src/main/java/org/openmetadata/service/jdbi3/TestCaseRepository.java,org/openmetadata/service/jdbi3/TestCaseRepository$TestUpdater,64,0,100.0,True
openmetadata-service/src/main/java/org/openmetadata/service/jdbi3/TestCaseResolutionStatusRepository.java,org/openmetadata/service/jdbi3/TestCaseResolutionStatusRepository,437,75,85.3515625,False
openmetadata-service/src/main/java/org/openmetadata/service/jdbi3/TestCaseResultRepository.java,org/openmetadata/service/jdbi3/TestCaseResultRepository,125,57,68.68131868131869,False
openmetadata-service/src/main/java/org/openmetadata/service/jdbi3/TestCaseResultRepository.java,org/openmetadata/service/jdbi3/TestCaseResultRepository$OperationType,4,0,100.0,True
openmetadata-service/src/main/java/org/openmetadata/service/jdbi3/TestConnectionDefinitionRepository.java,org/openmetadata/service/jdbi3/TestConnectionDefinitionRepository,18,1,94.73684210526316,True
openmetadata-service/src/main/java/org/openmetadata/service/jdbi3/TestConnectionDefinitionRepository.java,org/openmetadata/service/jdbi3/TestConnectionDefinitionRepository$TestConnectionDefinitionUpdater,10,0,100.0,True
openmetadata-service/src/main/java/org/openmetadata/service/jdbi3/TestDefinitionRepository.java,org/openmetadata/service/jdbi3/TestDefinitionRepository,51,26,66.23376623376623,False
openmetadata-service/src/main/java/org/openmetadata/service/jdbi3/TestDefinitionRepository.java,org/openmetadata/service/jdbi3/TestDefinitionRepository$TestDefinitionUpdater,35,4,89.74358974358974,False
openmetadata-service/src/main/java/org/openmetadata/service/jdbi3/TestSuiteRepository.java,org/openmetadata/service/jdbi3/TestSuiteRepository,397,194,67.17428087986464,False
openmetadata-service/src/main/java/org/openmetadata/service/jdbi3/TestSuiteRepository.java,org/openmetadata/service/jdbi3/TestSuiteRepository$1ProcessedTestCaseResults,1,0,100.0,True
openmetadata-service/src/main/java/org/openmetadata/service/jdbi3/TestSuiteRepository.java,org/openmetadata/service/jdbi3/TestSuiteRepository$TestSuitePipelineStatusHandler,13,1,92.85714285714286,True
openmetadata-service/src/main/java/org/openmetadata/service/jdbi3/TestSuiteRepository.java,org/openmetadata/service/jdbi3/TestSuiteRepository$TestSuiteUpdater,23,0,100.0,True
openmetadata-service/src/main/java/org/openmetadata/service/jdbi3/TestSuiteRepository.java,org/openmetadata/service/jdbi3/TestSuiteRepository$TestsRelationshipRevision,1,0,100.0,True
openmetadata-service/src/main/java/org/openmetadata/service/jdbi3/TopicRepository.java,org/openmetadata/service/jdbi3/TopicRepository,173,70,71.19341563786008,False
openmetadata-service/src/main/java/org/openmetadata/service/jdbi3/TopicRepository.java,org/openmetadata/service/jdbi3/TopicRepository$TopicUpdater,113,34,76.87074829931973,False
openmetadata-service/src/main/java/org/openmetadata/service/jdbi3/TypeRepository.java,org/openmetadata/service/jdbi3/TypeRepository,120,42,74.07407407407408,False
openmetadata-service/src/main/java/org/openmetadata/service/jdbi3/TypeRepository.java,org/openmetadata/service/jdbi3/TypeRepository$TypeUpdater,154,48,76.23762376237623,False
openmetadata-service/src/main/java/org/openmetadata/service/jdbi3/UserRepository.java,org/openmetadata/service/jdbi3/UserRepository,582,288,66.89655172413794,False
openmetadata-service/src/main/java/org/openmetadata/service/jdbi3/UserRepository.java,org/openmetadata/service/jdbi3/UserRepository$UserCsv,38,35,52.054794520547944,False
openmetadata-service/src/main/java/org/openmetadata/service/jdbi3/UserRepository.java,org/openmetadata/service/jdbi3/UserRepository$UserUpdater,174,34,83.65384615384616,False
openmetadata-service/src/main/java/org/openmetadata/service/jdbi3/WebAnalyticEventRepository.java,org/openmetadata/service/jdbi3/WebAnalyticEventRepository,61,37,62.244897959183675,False
openmetadata-service/src/main/java/org/openmetadata/service/jdbi3/WorkflowDefinitionRepository.java,org/openmetadata/service/jdbi3/WorkflowDefinitionRepository,310,104,74.8792270531401,False
openmetadata-service/src/main/java/org/openmetadata/service/jdbi3/WorkflowDefinitionRepository.java,org/openmetadata/service/jdbi3/WorkflowDefinitionRepository$WorkflowDefinitionUpdater,30,4,88.23529411764706,False
openmetadata-service/src/main/java/org/openmetadata/service/jdbi3/WorkflowRepository.java,org/openmetadata/service/jdbi3/WorkflowRepository,24,17,58.53658536585366,False
openmetadata-service/src/main/java/org/openmetadata/service/jdbi3/WorkflowRepository.java,org/openmetadata/service/jdbi3/WorkflowRepository$WorkflowUpdater,8,6,57.142857142857146,False
openmetadata-service/src/main/java/org/openmetadata/service/jdbi3/WorksheetRepository.java,org/openmetadata/service/jdbi3/WorksheetRepository,137,20,87.26114649681529,False
openmetadata-service/src/main/java/org/openmetadata/service/jdbi3/WorksheetRepository.java,org/openmetadata/service/jdbi3/WorksheetRepository$WorksheetCsv,0,107,0.0,False
openmetadata-service/src/main/java/org/openmetadata/service/jdbi3/WorksheetRepository.java,org/openmetadata/service/jdbi3/WorksheetRepository$WorksheetUpdater,42,2,95.45454545454545,True
openmetadata-service/src/main/java/org/openmetadata/service/lineage/LineageHydrator.java,org/openmetadata/service/lineage/LineageHydrator,137,4,97.16312056737588,True
openmetadata-service/src/main/java/org/openmetadata/service/lineage/LineageHydrator.java,org/openmetadata/service/lineage/LineageHydrator$EntityKey,1,0,100.0,True
openmetadata-service/src/main/java/org/openmetadata/service/lineage/LineageHydrator.java,org/openmetadata/service/lineage/LineageHydrator$LineageNode,1,0,100.0,True
openmetadata-service/src/main/java/org/openmetadata/service/lineage/LineagePermissionFilter.java,org/openmetadata/service/lineage/LineagePermissionFilter,69,6,92.0,True
openmetadata-service/src/main/java/org/openmetadata/service/lineage/LineagePermissionFilter.java,org/openmetadata/service/lineage/LineagePermissionFilter$Result,3,0,100.0,True
openmetadata-service/src/main/java/org/openmetadata/service/mapper/EntityMapper.java,org/openmetadata/service/mapper/EntityMapper,24,0,100.0,True
openmetadata-service/src/main/java/org/openmetadata/service/migration/utils/SearchSettingsMergeUtil.java,org/openmetadata/service/migration/utils/SearchSettingsMergeUtil,83,70,54.248366013071895,False
openmetadata-service/src/main/java/org/openmetadata/service/migration/utils/V112/MigrationUtil.java,org/openmetadata/service/migration/utils/V112/MigrationUtil,15,17,46.875,False
openmetadata-service/src/main/java/org/openmetadata/service/migration/utils/V114/MigrationUtil.java,org/openmetadata/service/migration/utils/V114/MigrationUtil,10,92,9.803921568627452,False
openmetadata-service/src/main/java/org/openmetadata/service/migration/utils/V117/MigrationUtil.java,org/openmetadata/service/migration/utils/V117/MigrationUtil,12,15,44.44444444444444,False
openmetadata-service/src/main/java/org/openmetadata/service/migration/utils/v110/MigrationUtil.java,org/openmetadata/service/migration/utils/v110/MigrationUtil,145,179,44.75308641975309,False
openmetadata-service/src/main/java/org/openmetadata/service/migration/utils/v1100/MigrationUtil.java,org/openmetadata/service/migration/utils/v1100/MigrationUtil,185,7,96.35416666666667,True
openmetadata-service/src/main/java/org/openmetadata/service/migration/utils/v1102/MigrationUtil.java,org/openmetadata/service/migration/utils/v1102/MigrationUtil,24,23,51.06382978723404,False
openmetadata-service/src/main/java/org/openmetadata/service/migration/utils/v1105/MigrationUtil.java,org/openmetadata/service/migration/utils/v1105/MigrationUtil,237,26,90.11406844106465,True
openmetadata-service/src/main/java/org/openmetadata/service/migration/utils/v1110/MigrationUtil.java,org/openmetadata/service/migration/utils/v1110/MigrationUtil,37,16,69.81132075471699,False
openmetadata-service/src/main/java/org/openmetadata/service/migration/utils/v1114/MigrationUtil.java,org/openmetadata/service/migration/utils/v1114/MigrationUtil,168,134,55.629139072847686,False
openmetadata-service/src/main/java/org/openmetadata/service/migration/utils/v1120/MigrationUtil.java,org/openmetadata/service/migration/utils/v1120/MigrationUtil,277,36,88.49840255591054,False
openmetadata-service/src/main/java/org/openmetadata/service/migration/utils/v1122/MigrationUtil.java,org/openmetadata/service/migration/utils/v1122/MigrationUtil,38,141,21.22905027932961,False
openmetadata-service/src/main/java/org/openmetadata/service/migration/utils/v1125/MigrationUtil.java,org/openmetadata/service/migration/utils/v1125/MigrationUtil,94,69,57.668711656441715,False
openmetadata-service/src/main/java/org/openmetadata/service/migration/utils/v1129/MigrationUtil.java,org/openmetadata/service/migration/utils/v1129/MigrationUtil,128,78,62.13592233009709,False
openmetadata-service/src/main/java/org/openmetadata/service/migration/utils/v1129/MigrationUtil.java,org/openmetadata/service/migration/utils/v1129/MigrationUtil$1PolicyRule,1,0,100.0,True
openmetadata-service/src/main/java/org/openmetadata/service/migration/utils/v1130/MigrationUtil.java,org/openmetadata/service/migration/utils/v1130/MigrationUtil,180,175,50.70422535211268,False
openmetadata-service/src/main/java/org/openmetadata/service/migration/utils/v1130/MigrationUtil.java,org/openmetadata/service/migration/utils/v1130/MigrationUtil$BatchResult,1,0,100.0,True
openmetadata-service/src/main/java/org/openmetadata/service/migration/utils/v1131/MigrationUtil.java,org/openmetadata/service/migration/utils/v1131/MigrationUtil,268,30,89.93288590604027,False
openmetadata-service/src/main/java/org/openmetadata/service/migration/utils/v1131/MigrationUtil.java,org/openmetadata/service/migration/utils/v1131/MigrationUtil$EntityRepair,1,0,100.0,True
openmetadata-service/src/main/java/org/openmetadata/service/migration/utils/v1131/MigrationUtil.java,org/openmetadata/service/migration/utils/v1131/MigrationUtil$FqnAccessor,1,0,100.0,True
openmetadata-service/src/main/java/org/openmetadata/service/migration/utils/v1131/MigrationUtil.java,org/openmetadata/service/migration/utils/v1131/MigrationUtil$RepairSummary,1,0,100.0,True
openmetadata-service/src/main/java/org/openmetadata/service/migration/utils/v1131/MigrationUtil.java,org/openmetadata/service/migration/utils/v1131/MigrationUtil$RowRepair,1,0,100.0,True
openmetadata-service/src/main/java/org/openmetadata/service/migration/utils/v1131/MigrationUtil.java,org/openmetadata/service/migration/utils/v1131/MigrationUtil$ServiceEdge,1,0,100.0,True
openmetadata-service/src/main/java/org/openmetadata/service/migration/utils/v1133/MigrationUtil.java,org/openmetadata/service/migration/utils/v1133/MigrationUtil,73,66,52.51798561151079,False
openmetadata-service/src/main/java/org/openmetadata/service/migration/utils/v1133/MigrationUtil.java,org/openmetadata/service/migration/utils/v1133/MigrationUtil$1,1,0,100.0,True
openmetadata-service/src/main/java/org/openmetadata/service/migration/utils/v120/MigrationUtil.java,org/openmetadata/service/migration/utils/v120/MigrationUtil,16,53,23.18840579710145,False
openmetadata-service/src/main/java/org/openmetadata/service/migration/utils/v150/MigrationUtil.java,org/openmetadata/service/migration/utils/v150/MigrationUtil,155,93,62.5,False
openmetadata-service/src/main/java/org/openmetadata/service/migration/utils/v159/MigrationUtil.java,org/openmetadata/service/migration/utils/v159/MigrationUtil,35,1,97.22222222222223,True
openmetadata-service/src/main/java/org/openmetadata/service/migration/utils/v160/MigrationUtil.java,org/openmetadata/service/migration/utils/v160/MigrationUtil,170,11,93.92265193370166,True
openmetadata-service/src/main/java/org/openmetadata/service/migration/utils/v170/MigrationUtil.java,org/openmetadata/service/migration/utils/v170/MigrationUtil,167,173,49.11764705882353,False
openmetadata-service/src/main/java/org/openmetadata/service/migration/utils/v171/MigrationUtil.java,org/openmetadata/service/migration/utils/v171/MigrationUtil,30,15,66.66666666666667,False
openmetadata-service/src/main/java/org/openmetadata/service/migration/utils/v180/MigrationUtil.java,org/openmetadata/service/migration/utils/v180/MigrationUtil,15,24,38.46153846153846,False
openmetadata-service/src/main/java/org/openmetadata/service/migration/utils/v190/MigrationUtil.java,org/openmetadata/service/migration/utils/v190/MigrationUtil,116,190,37.908496732026144,False
openmetadata-service/src/main/java/org/openmetadata/service/migration/utils/v1910/MigrationUtil.java,org/openmetadata/service/migration/utils/v1910/MigrationUtil,7,31,18.42105263157895,False
openmetadata-service/src/main/java/org/openmetadata/service/migration/utils/v200/MigrationUtil.java,org/openmetadata/service/migration/utils/v200/MigrationUtil,505,516,49.461312438785505,False
openmetadata-service/src/main/java/org/openmetadata/service/migration/utils/v200/MigrationUtil.java,org/openmetadata/service/migration/utils/v200/MigrationUtil$1,1,1,50.0,False
openmetadata-service/src/main/java/org/openmetadata/service/migration/utils/v200/MigrationUtil.java,org/openmetadata/service/migration/utils/v200/MigrationUtil$TaskWorkflow,369,377,49.46380697050938,False
openmetadata-service/src/main/java/org/openmetadata/service/migration/utils/v200/MigrationUtil.java,org/openmetadata/service/migration/utils/v200/MigrationUtil$TaskWorkflow$MigrationStats,0,0,,True
openmetadata-service/src/main/java/org/openmetadata/service/migration/utils/v200/MigrationUtil.java,org/openmetadata/service/migration/utils/v200/MigrationUtil$TaskWorkflow$OrphanIncidentCandidate,0,1,0.0,False
openmetadata-service/src/main/java/org/openmetadata/service/migration/utils/v200/MigrationUtil.java,org/openmetadata/service/migration/utils/v200/MigrationUtil$TaskWorkflow$TypeAndCategory,0,4,0.0,False
openmetadata-service/src/main/java/org/openmetadata/service/migration/utils/v210/MigrationUtil.java,org/openmetadata/service/migration/utils/v210/MigrationUtil,69,48,58.97435897435897,False
openmetadata-service/src/main/java/org/openmetadata/service/monitoring/UserMetricsServlet.java,org/openmetadata/service/monitoring/UserMetricsServlet,65,24,73.03370786516854,False
openmetadata-service/src/main/java/org/openmetadata/service/notifications/HandlebarsNotificationMessageEngine.java,org/openmetadata/service/notifications/HandlebarsNotificationMessageEngine,14,65,17.72151898734177,False
openmetadata-service/src/main/java/org/openmetadata/service/notifications/HandlebarsNotificationMessageEngine.java,org/openmetadata/service/notifications/HandlebarsNotificationMessageEngine$1,0,1,0.0,False
openmetadata-service/src/main/java/org/openmetadata/service/notifications/recipients/strategy/impl/AdminRecipientResolver.java,org/openmetadata/service/notifications/recipients/strategy/impl/AdminRecipientResolver,2,29,6.451612903225806,False
openmetadata-service/src/main/java/org/openmetadata/service/ontology/LegacyRelationshipTypeSynchronizer.java,org/openmetadata/service/ontology/LegacyRelationshipTypeSynchronizer,34,0,100.0,True
openmetadata-service/src/main/java/org/openmetadata/service/ontology/OntologyBulkJobHandler.java,org/openmetadata/service/ontology/OntologyBulkJobHandler,35,0,100.0,True
openmetadata-service/src/main/java/org/openmetadata/service/ontology/OntologyBulkJobHandler.java,org/openmetadata/service/ontology/OntologyBulkJobHandler$GlossaryLoader,0,0,,True
openmetadata-service/src/main/java/org/openmetadata/service/ontology/OntologyBulkServiceFactory.java,org/openmetadata/service/ontology/OntologyBulkServiceFactory,17,0,100.0,True
openmetadata-service/src/main/java/org/openmetadata/service/ontology/OntologyBulkServiceFactory.java,org/openmetadata/service/ontology/OntologyBulkServiceFactory$Components,1,0,100.0,True
openmetadata-service/src/main/java/org/openmetadata/service/ontology/OntologyChangeApplicationService.java,org/openmetadata/service/ontology/OntologyChangeApplicationService,115,2,98.2905982905983,True
openmetadata-service/src/main/java/org/openmetadata/service/ontology/OntologyChangeApplicationService.java,org/openmetadata/service/ontology/OntologyChangeApplicationService$ApplicationExecution,1,0,100.0,True
openmetadata-service/src/main/java/org/openmetadata/service/ontology/OntologyChangeApplicationService.java,org/openmetadata/service/ontology/OntologyChangeApplicationService$ChangeTransaction,0,0,,True
openmetadata-service/src/main/java/org/openmetadata/service/ontology/OntologyChangeApplicationService.java,org/openmetadata/service/ontology/OntologyChangeApplicationService$Dependencies,1,0,100.0,True
openmetadata-service/src/main/java/org/openmetadata/service/ontology/OntologyChangeApplicationService.java,org/openmetadata/service/ontology/OntologyChangeApplicationService$EntityCacheInvalidator,0,0,,True
openmetadata-service/src/main/java/org/openmetadata/service/ontology/OntologyChangeApplicationService.java,org/openmetadata/service/ontology/OntologyChangeApplicationService$OperationApplicationException,3,0,100.0,True
openmetadata-service/src/main/java/org/openmetadata/service/ontology/OntologyChangeOperationExecutor.java,org/openmetadata/service/ontology/OntologyChangeOperationExecutor,105,24,81.3953488372093,False
openmetadata-service/src/main/java/org/openmetadata/service/ontology/OntologyChangeOperationExecutor.java,org/openmetadata/service/ontology/OntologyChangeOperationExecutor$OperationOutcome,1,0,100.0,True
openmetadata-service/src/main/java/org/openmetadata/service/ontology/OntologyImpactService.java,org/openmetadata/service/ontology/OntologyImpactService,137,13,91.33333333333333,True
openmetadata-service/src/main/java/org/openmetadata/service/ontology/OntologyImpactService.java,org/openmetadata/service/ontology/OntologyImpactService$DeletionPlan,1,0,100.0,True
openmetadata-service/src/main/java/org/openmetadata/service/ontology/OntologyImpactService.java,org/openmetadata/service/ontology/OntologyImpactService$Dependencies,1,0,100.0,True
openmetadata-service/src/main/java/org/openmetadata/service/ontology/OntologyImpactService.java,org/openmetadata/service/ontology/OntologyImpactService$ImpactSnapshot,1,0,100.0,True
openmetadata-service/src/main/java/org/openmetadata/service/ontology/OntologyPackInstallationService.java,org/openmetadata/service/ontology/OntologyPackInstallationService,40,0,100.0,True
openmetadata-service/src/main/java/org/openmetadata/service/ontology/OntologyPackInstallationService.java,org/openmetadata/service/ontology/OntologyPackInstallationService$EntityInstallationStore,4,0,100.0,True
openmetadata-service/src/main/java/org/openmetadata/service/ontology/OntologyPackInstallationService.java,org/openmetadata/service/ontology/OntologyPackInstallationService$InstallationStore,0,0,,True
openmetadata-service/src/main/java/org/openmetadata/service/ontology/OntologyPatternInstantiationService.java,org/openmetadata/service/ontology/OntologyPatternInstantiationService,33,1,97.05882352941177,True
openmetadata-service/src/main/java/org/openmetadata/service/ontology/OntologyPatternInstantiationService.java,org/openmetadata/service/ontology/OntologyPatternInstantiationService$ChangeSetStore,0,0,,True
openmetadata-service/src/main/java/org/openmetadata/service/ontology/OntologyStructuralMergeService.java,org/openmetadata/service/ontology/OntologyStructuralMergeService,119,22,84.39716312056737,False
openmetadata-service/src/main/java/org/openmetadata/service/ontology/OntologyStructuralMergeService.java,org/openmetadata/service/ontology/OntologyStructuralMergeService$ChangeSetStore,0,0,,True
openmetadata-service/src/main/java/org/openmetadata/service/ontology/OntologyStructuralMergeService.java,org/openmetadata/service/ontology/OntologyStructuralMergeService$MergeAccumulator,3,0,100.0,True
openmetadata-service/src/main/java/org/openmetadata/service/ontology/OntologyStructuralMergeService.java,org/openmetadata/service/ontology/OntologyStructuralMergeService$MergeExecution,1,0,100.0,True
openmetadata-service/src/main/java/org/openmetadata/service/ontology/OntologyStructuralMergeService.java,org/openmetadata/service/ontology/OntologyStructuralMergeService$MergePlan,1,0,100.0,True
openmetadata-service/src/main/java/org/openmetadata/service/ontology/OntologySubsetService.java,org/openmetadata/service/ontology/OntologySubsetService,43,0,100.0,True
openmetadata-service/src/main/java/org/openmetadata/service/ontology/OntologySubsetService.java,org/openmetadata/service/ontology/OntologySubsetService$ChangeSetStore,0,0,,True
openmetadata-service/src/main/java/org/openmetadata/service/ontology/OpenMetadataOntologyAiCatalog.java,org/openmetadata/service/ontology/OpenMetadataOntologyAiCatalog,5,12,29.41176470588235,False
openmetadata-service/src/main/java/org/openmetadata/service/ontology/RepositoryOntologyBulkTermCatalog.java,org/openmetadata/service/ontology/RepositoryOntologyBulkTermCatalog,7,0,100.0,True
openmetadata-service/src/main/java/org/openmetadata/service/ontology/RepositoryOntologyStructuralTermReader.java,org/openmetadata/service/ontology/RepositoryOntologyStructuralTermReader,8,0,100.0,True
openmetadata-service/src/main/java/org/openmetadata/service/ontology/RepositoryOntologySubsetTermLookup.java,org/openmetadata/service/ontology/RepositoryOntologySubsetTermLookup,14,0,100.0,True
openmetadata-service/src/main/java/org/openmetadata/service/openlineage/OpenLineageEntityResolver.java,org/openmetadata/service/openlineage/OpenLineageEntityResolver,365,53,87.32057416267942,False
openmetadata-service/src/main/java/org/openmetadata/service/openlineage/OpenLineageEntityResolver.java,org/openmetadata/service/openlineage/OpenLineageEntityResolver$ListFilterByFqnPattern,9,0,100.0,True
openmetadata-service/src/main/java/org/openmetadata/service/openlineage/OpenLineageEntityResolver.java,org/openmetadata/service/openlineage/OpenLineageEntityResolver$ListFilterByFqnSuffix,6,0,100.0,True
openmetadata-service/src/main/java/org/openmetadata/service/openlineage/OpenLineageEntityResolver.java,org/openmetadata/service/openlineage/OpenLineageEntityResolver$ListFilterByJsonField,12,0,100.0,True
openmetadata-service/src/main/java/org/openmetadata/service/rdf/GlossaryOntologyExporter.java,org/openmetadata/service/rdf/GlossaryOntologyExporter,247,52,82.6086956521739,False
openmetadata-service/src/main/java/org/openmetadata/service/rdf/GlossaryRdfImporter.java,org/openmetadata/service/rdf/GlossaryRdfImporter,627,51,92.47787610619469,True
openmetadata-service/src/main/java/org/openmetadata/service/rdf/GlossaryRdfImporter.java,org/openmetadata/service/rdf/GlossaryRdfImporter$DatatypeIntent,1,0,100.0,True
openmetadata-service/src/main/java/org/openmetadata/service/rdf/GlossaryRdfImporter.java,org/openmetadata/service/rdf/GlossaryRdfImporter$OntologyInputFormat,16,0,100.0,True
openmetadata-service/src/main/java/org/openmetadata/service/rdf/GlossaryRdfImporter.java,org/openmetadata/service/rdf/GlossaryRdfImporter$RelationIntent,1,0,100.0,True
openmetadata-service/src/main/java/org/openmetadata/service/rdf/GlossaryRdfImporter.java,org/openmetadata/service/rdf/GlossaryRdfImporter$TermIntent,4,0,100.0,True
openmetadata-service/src/main/java/org/openmetadata/service/rdf/OpenMetadataSavedSparqlQueryDocumentRepository.java,org/openmetadata/service/rdf/OpenMetadataSavedSparqlQueryDocumentRepository,13,7,65.0,False
openmetadata-service/src/main/java/org/openmetadata/service/rdf/RdfEntityDiffService.java,org/openmetadata/service/rdf/RdfEntityDiffService,68,4,94.44444444444444,True
openmetadata-service/src/main/java/org/openmetadata/service/rdf/RdfEntityDiffService.java,org/openmetadata/service/rdf/RdfEntityDiffService$DiffRequest,1,0,100.0,True
openmetadata-service/src/main/java/org/openmetadata/service/rdf/RdfEntityDiffService.java,org/openmetadata/service/rdf/RdfEntityDiffService$EntityRdfTranslator,0,0,,True
openmetadata-service/src/main/java/org/openmetadata/service/rdf/RdfEntityDiffService.java,org/openmetadata/service/rdf/RdfEntityDiffService$EntityVersionReader,0,0,,True
openmetadata-service/src/main/java/org/openmetadata/service/rdf/RdfIndexingFields.java,org/openmetadata/service/rdf/RdfIndexingFields,9,0,100.0,True
openmetadata-service/src/main/java/org/openmetadata/service/rdf/RdfRepository.java,org/openmetadata/service/rdf/RdfRepository,1628,577,73.83219954648526,False
openmetadata-service/src/main/java/org/openmetadata/service/rdf/RdfRepository.java,org/openmetadata/service/rdf/RdfRepository$EdgeBatch,1,0,100.0,True
openmetadata-service/src/main/java/org/openmetadata/service/rdf/RdfRepository.java,org/openmetadata/service/rdf/RdfRepository$EdgeInfo,6,0,100.0,True
openmetadata-service/src/main/java/org/openmetadata/service/rdf/RdfRepository.java,org/openmetadata/service/rdf/RdfRepository$EntityGraphTraversalResult,1,0,100.0,True
openmetadata-service/src/main/java/org/openmetadata/service/rdf/RdfRepository.java,org/openmetadata/service/rdf/RdfRepository$EntitySourceRef,1,0,100.0,True
openmetadata-service/src/main/java/org/openmetadata/service/rdf/RdfRepository.java,org/openmetadata/service/rdf/RdfRepository$FilterOptionInfo,1,0,100.0,True
openmetadata-service/src/main/java/org/openmetadata/service/rdf/RdfRepository.java,org/openmetadata/service/rdf/RdfRepository$FilteredEntityGraph,1,0,100.0,True
openmetadata-service/src/main/java/org/openmetadata/service/rdf/RdfRepository.java,org/openmetadata/service/rdf/RdfRepository$GlossaryRelationPredicate,1,0,100.0,True
openmetadata-service/src/main/java/org/openmetadata/service/rdf/RdfRepository.java,org/openmetadata/service/rdf/RdfRepository$GlossaryTermRelationData,1,0,100.0,True
openmetadata-service/src/main/java/org/openmetadata/service/rdf/RdfRepository.java,org/openmetadata/service/rdf/RdfRepository$InferenceCacheKey,1,0,100.0,True
openmetadata-service/src/main/java/org/openmetadata/service/rdf/RdfRepository.java,org/openmetadata/service/rdf/RdfRepository$InferenceQueryResult,1,0,100.0,True
openmetadata-service/src/main/java/org/openmetadata/service/rdf/RdfRepository.java,org/openmetadata/service/rdf/RdfRepository$LineageDeleteTarget,1,0,100.0,True
openmetadata-service/src/main/java/org/openmetadata/service/rdf/RdfRepository.java,org/openmetadata/service/rdf/RdfRepository$LineageEdgeData,1,0,100.0,True
openmetadata-service/src/main/java/org/openmetadata/service/rdf/RdfRepository.java,org/openmetadata/service/rdf/RdfRepository$NodeSortKey,1,0,100.0,True
openmetadata-service/src/main/java/org/openmetadata/service/rdf/RdfRepository.java,org/openmetadata/service/rdf/RdfRepository$RdfStatistics,0,6,0.0,False
openmetadata-service/src/main/java/org/openmetadata/service/resources/ChangeSummaryResource.java,org/openmetadata/service/resources/ChangeSummaryResource,48,2,96.0,True
openmetadata-service/src/main/java/org/openmetadata/service/resources/EntityResource.java,org/openmetadata/service/resources/EntityResource,577,76,88.3614088820827,False
openmetadata-service/src/main/java/org/openmetadata/service/resources/ai/AIGovernanceWorkflowService.java,org/openmetadata/service/resources/ai/AIGovernanceWorkflowService,70,74,48.611111111111114,False
openmetadata-service/src/main/java/org/openmetadata/service/resources/ai/AuditPackGenerator.java,org/openmetadata/service/resources/ai/AuditPackGenerator,74,156,32.17391304347826,False
openmetadata-service/src/main/java/org/openmetadata/service/resources/ai/AuditPackGenerator.java,org/openmetadata/service/resources/ai/AuditPackGenerator$AuditPackPayload,0,0,,True
openmetadata-service/src/main/java/org/openmetadata/service/resources/ai/AuditReportResource.java,org/openmetadata/service/resources/ai/AuditReportResource,3,46,6.122448979591836,False
openmetadata-service/src/main/java/org/openmetadata/service/resources/ai/AuditReportResource.java,org/openmetadata/service/resources/ai/AuditReportResource$AuditReportList,0,1,0.0,False
openmetadata-service/src/main/java/org/openmetadata/service/resources/ai/DashboardRollup.java,org/openmetadata/service/resources/ai/DashboardRollup,26,166,13.541666666666666,False
openmetadata-service/src/main/java/org/openmetadata/service/resources/ai/DashboardRollup.java,org/openmetadata/service/resources/ai/DashboardRollup$FrameworkReadinessCounts,0,3,0.0,False
openmetadata-service/src/main/java/org/openmetadata/service/resources/ai/DashboardRollup.java,org/openmetadata/service/resources/ai/DashboardRollup$FrameworkStatusSnapshot,0,1,0.0,False
openmetadata-service/src/main/java/org/openmetadata/service/resources/ai/DashboardRollup.java,org/openmetadata/service/resources/ai/DashboardRollup$GovernanceSnapshot,0,2,0.0,False
openmetadata-service/src/main/java/org/openmetadata/service/resources/ai/DashboardRollup.java,org/openmetadata/service/resources/ai/DashboardRollup$RolledAsset,20,94,17.54385964912281,False
openmetadata-service/src/main/java/org/openmetadata/service/resources/ai/DashboardRollup.java,org/openmetadata/service/resources/ai/DashboardRollup$RolledAsset$RolledAssetBuilder,0,0,,True
openmetadata-service/src/main/java/org/openmetadata/service/resources/ai/FrameworkCoverageComputer.java,org/openmetadata/service/resources/ai/FrameworkCoverageComputer,95,125,43.18181818181818,False
openmetadata-service/src/main/java/org/openmetadata/service/resources/ai/FrameworkCoverageComputer.java,org/openmetadata/service/resources/ai/FrameworkCoverageComputer$AssetCompliance,1,0,100.0,True
openmetadata-service/src/main/java/org/openmetadata/service/resources/ai/FrameworkCoverageComputer.java,org/openmetadata/service/resources/ai/FrameworkCoverageComputer$ComplianceRecordSnapshot,1,0,100.0,True
openmetadata-service/src/main/java/org/openmetadata/service/resources/ai/FrameworkCoverageComputer.java,org/openmetadata/service/resources/ai/FrameworkCoverageComputer$ControlCoverage,1,0,100.0,True
openmetadata-service/src/main/java/org/openmetadata/service/resources/ai/FrameworkCoverageComputer.java,org/openmetadata/service/resources/ai/FrameworkCoverageComputer$GovernanceSnapshot,3,0,100.0,True
openmetadata-service/src/main/java/org/openmetadata/service/resources/ai/FrameworkSeedLoader.java,org/openmetadata/service/resources/ai/FrameworkSeedLoader,48,6,88.88888888888889,False
openmetadata-service/src/main/java/org/openmetadata/service/resources/ai/GovernanceActivity.java,org/openmetadata/service/resources/ai/GovernanceActivity,88,105,45.59585492227979,False
openmetadata-service/src/main/java/org/openmetadata/service/resources/ai/GovernanceActivity.java,org/openmetadata/service/resources/ai/GovernanceActivity$ActivityGovernance,3,0,100.0,True
openmetadata-service/src/main/java/org/openmetadata/service/resources/ai/GovernanceActivity.java,org/openmetadata/service/resources/ai/GovernanceActivity$LlmSubmission,2,0,100.0,True
openmetadata-service/src/main/java/org/openmetadata/service/resources/ai/PolicyEvaluator.java,org/openmetadata/service/resources/ai/PolicyEvaluator,0,202,0.0,False
openmetadata-service/src/main/java/org/openmetadata/service/resources/ai/PolicyEvaluator.java,org/openmetadata/service/resources/ai/PolicyEvaluator$DataClassificationSnapshot,0,1,0.0,False
openmetadata-service/src/main/java/org/openmetadata/service/resources/ai/PolicyEvaluator.java,org/openmetadata/service/resources/ai/PolicyEvaluator$GovernanceSnapshot,0,2,0.0,False
openmetadata-service/src/main/java/org/openmetadata/service/resources/ai/PolicyEvaluator.java,org/openmetadata/service/resources/ai/PolicyEvaluator$Status,0,4,0.0,False
openmetadata-service/src/main/java/org/openmetadata/service/resources/ai/PolicySeedLoader.java,org/openmetadata/service/resources/ai/PolicySeedLoader,21,3,87.5,False
openmetadata-service/src/main/java/org/openmetadata/service/resources/apps/AppMapper.java,org/openmetadata/service/resources/apps/AppMapper,55,5,91.66666666666667,True
openmetadata-service/src/main/java/org/openmetadata/service/resources/apps/AppResource.java,org/openmetadata/service/resources/apps/AppResource,254,378,40.18987341772152,False
openmetadata-service/src/main/java/org/openmetadata/service/resources/apps/AppResource.java,org/openmetadata/service/resources/apps/AppResource$AppList,0,1,0.0,False
openmetadata-service/src/main/java/org/openmetadata/service/resources/apps/AppResource.java,org/openmetadata/service/resources/apps/AppResource$AppRefList,0,1,0.0,False
openmetadata-service/src/main/java/org/openmetadata/service/resources/apps/AppResource.java,org/openmetadata/service/resources/apps/AppResource$AppRunList,0,1,0.0,False
openmetadata-service/src/main/java/org/openmetadata/service/resources/automations/WorkflowResource.java,org/openmetadata/service/resources/automations/WorkflowResource,99,33,75.0,False
openmetadata-service/src/main/java/org/openmetadata/service/resources/automations/WorkflowResource.java,org/openmetadata/service/resources/automations/WorkflowResource$WorkflowList,0,1,0.0,False
openmetadata-service/src/main/java/org/openmetadata/service/resources/bots/BotMapper.java,org/openmetadata/service/resources/bots/BotMapper,43,1,97.72727272727273,True
openmetadata-service/src/main/java/org/openmetadata/service/resources/bots/BotResource.java,org/openmetadata/service/resources/bots/BotResource,95,15,86.36363636363636,False
openmetadata-service/src/main/java/org/openmetadata/service/resources/bots/BotResource.java,org/openmetadata/service/resources/bots/BotResource$BotList,0,1,0.0,False
openmetadata-service/src/main/java/org/openmetadata/service/resources/bots/BotResource.java,org/openmetadata/service/resources/bots/BotResource$ImpersonationChange,1,0,100.0,True
openmetadata-service/src/main/java/org/openmetadata/service/resources/context/ContextMemoryResource.java,org/openmetadata/service/resources/context/ContextMemoryResource,73,59,55.303030303030305,False
openmetadata-service/src/main/java/org/openmetadata/service/resources/context/ContextMemoryResource.java,org/openmetadata/service/resources/context/ContextMemoryResource$ContextMemoryList,0,1,0.0,False
openmetadata-service/src/main/java/org/openmetadata/service/resources/data/DataContractResource.java,org/openmetadata/service/resources/data/DataContractResource,195,91,68.18181818181819,False
openmetadata-service/src/main/java/org/openmetadata/service/resources/data/DataContractResource.java,org/openmetadata/service/resources/data/DataContractResource$DataContractList,0,2,0.0,False
openmetadata-service/src/main/java/org/openmetadata/service/resources/data/DataContractResource.java,org/openmetadata/service/resources/data/DataContractResource$ODCSParseResult,0,16,0.0,False
openmetadata-service/src/main/java/org/openmetadata/service/resources/databases/DatabaseResource.java,org/openmetadata/service/resources/databases/DatabaseResource,35,25,58.333333333333336,False
openmetadata-service/src/main/java/org/openmetadata/service/resources/databases/DatabaseResource.java,org/openmetadata/service/resources/databases/DatabaseResource$DatabaseList,0,1,0.0,False
openmetadata-service/src/main/java/org/openmetadata/service/resources/databases/DatabaseSchemaResource.java,org/openmetadata/service/resources/databases/DatabaseSchemaResource,44,22,66.66666666666667,False
openmetadata-service/src/main/java/org/openmetadata/service/resources/databases/DatabaseSchemaResource.java,org/openmetadata/service/resources/databases/DatabaseSchemaResource$DatabaseSchemaList,0,1,0.0,False
openmetadata-service/src/main/java/org/openmetadata/service/resources/databases/DatabaseUtil.java,org/openmetadata/service/resources/databases/DatabaseUtil,81,0,100.0,True
openmetadata-service/src/main/java/org/openmetadata/service/resources/databases/TableResource.java,org/openmetadata/service/resources/databases/TableResource,151,84,64.25531914893617,False
openmetadata-service/src/main/java/org/openmetadata/service/resources/databases/TableResource.java,org/openmetadata/service/resources/databases/TableResource$ColumnProfileList,0,1,0.0,False
openmetadata-service/src/main/java/org/openmetadata/service/resources/databases/TableResource.java,org/openmetadata/service/resources/databases/TableResource$SystemProfileList,0,1,0.0,False
openmetadata-service/src/main/java/org/openmetadata/service/resources/databases/TableResource.java,org/openmetadata/service/resources/databases/TableResource$TableColumnList,1,0,100.0,True
openmetadata-service/src/main/java/org/openmetadata/service/resources/databases/TableResource.java,org/openmetadata/service/resources/databases/TableResource$TableList,0,1,0.0,False
openmetadata-service/src/main/java/org/openmetadata/service/resources/databases/TableResource.java,org/openmetadata/service/resources/databases/TableResource$TableProfileList,0,1,0.0,False
openmetadata-service/src/main/java/org/openmetadata/service/resources/docstore/DocStoreResource.java,org/openmetadata/service/resources/docstore/DocStoreResource,27,30,47.36842105263158,False
openmetadata-service/src/main/java/org/openmetadata/service/resources/docstore/DocStoreResource.java,org/openmetadata/service/resources/docstore/DocStoreResource$DocumentList,0,1,0.0,False
openmetadata-service/src/main/java/org/openmetadata/service/resources/domains/DataProductResource.java,org/openmetadata/service/resources/domains/DataProductResource,120,96,55.55555555555556,False
openmetadata-service/src/main/java/org/openmetadata/service/resources/domains/DataProductResource.java,org/openmetadata/service/resources/domains/DataProductResource$DataProductList,0,2,0.0,False
openmetadata-service/src/main/java/org/openmetadata/service/resources/domains/DomainResource.java,org/openmetadata/service/resources/domains/DomainResource,67,17,79.76190476190476,False
openmetadata-service/src/main/java/org/openmetadata/service/resources/domains/DomainResource.java,org/openmetadata/service/resources/domains/DomainResource$DomainList,0,2,0.0,False
openmetadata-service/src/main/java/org/openmetadata/service/resources/dqtests/TestCaseResource.java,org/openmetadata/service/resources/dqtests/TestCaseResource,267,59,81.90184049079754,False
openmetadata-service/src/main/java/org/openmetadata/service/resources/dqtests/TestCaseResource.java,org/openmetadata/service/resources/dqtests/TestCaseResource$TestCaseList,1,0,100.0,True
openmetadata-service/src/main/java/org/openmetadata/service/resources/dqtests/TestCaseResource.java,org/openmetadata/service/resources/dqtests/TestCaseResource$TestCaseResultList,0,1,0.0,False
openmetadata-service/src/main/java/org/openmetadata/service/resources/drive/ContextFileResource.java,org/openmetadata/service/resources/drive/ContextFileResource,30,369,7.518796992481203,False
openmetadata-service/src/main/java/org/openmetadata/service/resources/drive/ContextFileResource.java,org/openmetadata/service/resources/drive/ContextFileResource$BulkDeleteFilesRequest,0,1,0.0,False
openmetadata-service/src/main/java/org/openmetadata/service/resources/drive/ContextFileResource.java,org/openmetadata/service/resources/drive/ContextFileResource$BulkDownloadFilesRequest,0,1,0.0,False
openmetadata-service/src/main/java/org/openmetadata/service/resources/drive/ContextFileResource.java,org/openmetadata/service/resources/drive/ContextFileResource$BulkFileIdsRequest,0,1,0.0,False
openmetadata-service/src/main/java/org/openmetadata/service/resources/drive/ContextFileResource.java,org/openmetadata/service/resources/drive/ContextFileResource$BulkMoveFilesRequest,0,1,0.0,False
openmetadata-service/src/main/java/org/openmetadata/service/resources/drive/ContextFileResource.java,org/openmetadata/service/resources/drive/ContextFileResource$ContextFileList,0,1,0.0,False
openmetadata-service/src/main/java/org/openmetadata/service/resources/drive/ContextFileResource.java,org/openmetadata/service/resources/drive/ContextFileResource$DownloadEntry,0,1,0.0,False
openmetadata-service/src/main/java/org/openmetadata/service/resources/drive/ContextFileResource.java,org/openmetadata/service/resources/drive/ContextFileResource$ResolvedDownloadEntry,0,1,0.0,False
openmetadata-service/src/main/java/org/openmetadata/service/resources/events/NotificationTemplateResource.java,org/openmetadata/service/resources/events/NotificationTemplateResource,64,73,46.715328467153284,False
openmetadata-service/src/main/java/org/openmetadata/service/resources/events/NotificationTemplateResource.java,org/openmetadata/service/resources/events/NotificationTemplateResource$NotificationTemplateList,0,1,0.0,False
openmetadata-service/src/main/java/org/openmetadata/service/resources/events/subscription/EventSubscriptionResource.java,org/openmetadata/service/resources/events/subscription/EventSubscriptionResource,195,248,44.01805869074492,False
openmetadata-service/src/main/java/org/openmetadata/service/resources/events/subscription/EventSubscriptionResource.java,org/openmetadata/service/resources/events/subscription/EventSubscriptionResource$EventSubResourceDescriptorList,0,1,0.0,False
openmetadata-service/src/main/java/org/openmetadata/service/resources/events/subscription/EventSubscriptionResource.java,org/openmetadata/service/resources/events/subscription/EventSubscriptionResource$EventSubscriptionList,0,1,0.0,False
openmetadata-service/src/main/java/org/openmetadata/service/resources/glossary/GlossaryTermResource.java,org/openmetadata/service/resources/glossary/GlossaryTermResource,210,53,79.84790874524715,False
openmetadata-service/src/main/java/org/openmetadata/service/resources/glossary/GlossaryTermResource.java,org/openmetadata/service/resources/glossary/GlossaryTermResource$GlossaryTermList,0,1,0.0,False
openmetadata-service/src/main/java/org/openmetadata/service/resources/glossary/GlossaryTermResource.java,org/openmetadata/service/resources/glossary/GlossaryTermResource$OntologyDataQuery,3,0,100.0,True
openmetadata-service/src/main/java/org/openmetadata/service/resources/glossary/GlossaryTermResource.java,org/openmetadata/service/resources/glossary/GlossaryTermResource$RelationGraphQuery,1,0,100.0,True
openmetadata-service/src/main/java/org/openmetadata/service/resources/governance/WorkflowDefinitionResource.java,org/openmetadata/service/resources/governance/WorkflowDefinitionResource,45,45,50.0,False
openmetadata-service/src/main/java/org/openmetadata/service/resources/governance/WorkflowDefinitionResource.java,org/openmetadata/service/resources/governance/WorkflowDefinitionResource$WorkflowDefinitionList,0,1,0.0,False
openmetadata-service/src/main/java/org/openmetadata/service/resources/ontology/OntologyAiResource.java,org/openmetadata/service/resources/ontology/OntologyAiResource,28,22,56.0,False
openmetadata-service/src/main/java/org/openmetadata/service/resources/ontology/OntologyBulkResource.java,org/openmetadata/service/resources/ontology/OntologyBulkResource,41,0,100.0,True
openmetadata-service/src/main/java/org/openmetadata/service/resources/ontology/OntologyChangeSetResource.java,org/openmetadata/service/resources/ontology/OntologyChangeSetResource,51,25,67.10526315789474,False
openmetadata-service/src/main/java/org/openmetadata/service/resources/ontology/OntologyChangeSetResource.java,org/openmetadata/service/resources/ontology/OntologyChangeSetResource$OntologyChangeSetList,0,1,0.0,False
openmetadata-service/src/main/java/org/openmetadata/service/resources/ontology/OntologyImpactResource.java,org/openmetadata/service/resources/ontology/OntologyImpactResource,29,1,96.66666666666667,True
openmetadata-service/src/main/java/org/openmetadata/service/resources/ontology/OntologyModelingResource.java,org/openmetadata/service/resources/ontology/OntologyModelingResource,18,0,100.0,True
openmetadata-service/src/main/java/org/openmetadata/service/resources/ontology/OntologyPackResource.java,org/openmetadata/service/resources/ontology/OntologyPackResource,30,5,85.71428571428571,False
openmetadata-service/src/main/java/org/openmetadata/service/resources/ontology/OntologyPatternResource.java,org/openmetadata/service/resources/ontology/OntologyPatternResource,31,0,100.0,True
openmetadata-service/src/main/java/org/openmetadata/service/resources/ontology/OntologyReasoningResource.java,org/openmetadata/service/resources/ontology/OntologyReasoningResource,28,3,90.3225806451613,True
openmetadata-service/src/main/java/org/openmetadata/service/resources/ontology/OntologyReasoningResource.java,org/openmetadata/service/resources/ontology/OntologyReasoningResource$RepositoryQueryExecutor,3,0,100.0,True
openmetadata-service/src/main/java/org/openmetadata/service/resources/ontology/OntologyStructureResource.java,org/openmetadata/service/resources/ontology/OntologyStructureResource,43,0,100.0,True
openmetadata-service/src/main/java/org/openmetadata/service/resources/ontology/OntologyStructureResource.java,org/openmetadata/service/resources/ontology/OntologyStructureResource$Glossaries,1,0,100.0,True
openmetadata-service/src/main/java/org/openmetadata/service/resources/ontology/OntologyStructureResource.java,org/openmetadata/service/resources/ontology/OntologyStructureResource$Services,1,0,100.0,True
openmetadata-service/src/main/java/org/openmetadata/service/resources/ontology/OntologySubsetResource.java,org/openmetadata/service/resources/ontology/OntologySubsetResource,33,0,100.0,True
openmetadata-service/src/main/java/org/openmetadata/service/resources/ontology/RelationshipTypeResource.java,org/openmetadata/service/resources/ontology/RelationshipTypeResource,17,9,65.38461538461539,False
openmetadata-service/src/main/java/org/openmetadata/service/resources/ontology/RelationshipTypeResource.java,org/openmetadata/service/resources/ontology/RelationshipTypeResource$RelationshipTypeList,0,1,0.0,False
openmetadata-service/src/main/java/org/openmetadata/service/resources/ontology/RelationshipTypeSeedLoader.java,org/openmetadata/service/resources/ontology/RelationshipTypeSeedLoader,17,0,100.0,True
openmetadata-service/src/main/java/org/openmetadata/service/resources/policies/PolicyResource.java,org/openmetadata/service/resources/policies/PolicyResource,40,13,75.47169811320755,False
openmetadata-service/src/main/java/org/openmetadata/service/resources/policies/PolicyResource.java,org/openmetadata/service/resources/policies/PolicyResource$PolicyList,0,1,0.0,False
openmetadata-service/src/main/java/org/openmetadata/service/resources/policies/PolicyResource.java,org/openmetadata/service/resources/policies/PolicyResource$ResourceDescriptorList,0,1,0.0,False
openmetadata-service/src/main/java/org/openmetadata/service/resources/reports/ReportResource.java,org/openmetadata/service/resources/reports/ReportResource,4,18,18.181818181818183,False
openmetadata-service/src/main/java/org/openmetadata/service/resources/reports/ReportResource.java,org/openmetadata/service/resources/reports/ReportResource$ReportList,0,1,0.0,False
openmetadata-service/src/main/java/org/openmetadata/service/resources/services/ServiceEntityResource.java,org/openmetadata/service/resources/services/ServiceEntityResource,41,7,85.41666666666667,False
openmetadata-service/src/main/java/org/openmetadata/service/resources/services/connections/TestConnectionDefinitionResource.java,org/openmetadata/service/resources/services/connections/TestConnectionDefinitionResource,20,1,95.23809523809524,True
openmetadata-service/src/main/java/org/openmetadata/service/resources/services/connections/TestConnectionDefinitionResource.java,org/openmetadata/service/resources/services/connections/TestConnectionDefinitionResource$TestConnectionDefinitionList,0,1,0.0,False
openmetadata-service/src/main/java/org/openmetadata/service/resources/services/ingestionpipelines/IngestionPipelineResource.java,org/openmetadata/service/resources/services/ingestionpipelines/IngestionPipelineResource,334,163,67.20321931589537,False
openmetadata-service/src/main/java/org/openmetadata/service/resources/services/ingestionpipelines/IngestionPipelineResource.java,org/openmetadata/service/resources/services/ingestionpipelines/IngestionPipelineResource$IngestionPipelineList,1,0,100.0,True
openmetadata-service/src/main/java/org/openmetadata/service/resources/services/ingestionpipelines/IngestionPipelineResource.java,org/openmetadata/service/resources/services/ingestionpipelines/IngestionPipelineResource$PipelineStatusList,0,1,0.0,False
openmetadata-service/src/main/java/org/openmetadata/service/resources/services/metadata/MetadataServiceResource.java,org/openmetadata/service/resources/services/metadata/MetadataServiceResource,70,22,76.08695652173913,False
openmetadata-service/src/main/java/org/openmetadata/service/resources/services/metadata/MetadataServiceResource.java,org/openmetadata/service/resources/services/metadata/MetadataServiceResource$MetadataServiceList,0,1,0.0,False
openmetadata-service/src/main/java/org/openmetadata/service/resources/settings/SettingsCache.java,org/openmetadata/service/resources/settings/SettingsCache,212,72,74.64788732394366,False
openmetadata-service/src/main/java/org/openmetadata/service/resources/settings/SettingsCache.java,org/openmetadata/service/resources/settings/SettingsCache$SettingsLoader,20,13,60.60606060606061,False
openmetadata-service/src/main/java/org/openmetadata/service/resources/system/SystemResource.java,org/openmetadata/service/resources/system/SystemResource,346,248,58.24915824915825,False
openmetadata-service/src/main/java/org/openmetadata/service/resources/system/SystemResource.java,org/openmetadata/service/resources/system/SystemResource$LegacyRelationshipTypeUpdate,1,0,100.0,True
openmetadata-service/src/main/java/org/openmetadata/service/resources/system/SystemResource.java,org/openmetadata/service/resources/system/SystemResource$SettingsList,0,1,0.0,False
openmetadata-service/src/main/java/org/openmetadata/service/resources/tags/TagResource.java,org/openmetadata/service/resources/tags/TagResource,72,12,85.71428571428571,False
openmetadata-service/src/main/java/org/openmetadata/service/resources/tags/TagResource.java,org/openmetadata/service/resources/tags/TagResource$RecognizerList,0,1,0.0,False
openmetadata-service/src/main/java/org/openmetadata/service/resources/tags/TagResource.java,org/openmetadata/service/resources/tags/TagResource$TagList,0,1,0.0,False
openmetadata-service/src/main/java/org/openmetadata/service/resources/tasks/TaskResource.java,org/openmetadata/service/resources/tasks/TaskResource,513,89,85.21594684385381,False
openmetadata-service/src/main/java/org/openmetadata/service/resources/tasks/TaskResource.java,org/openmetadata/service/resources/tasks/TaskResource$TaskList,0,1,0.0,False
openmetadata-service/src/main/java/org/openmetadata/service/resources/teams/PersonaResource.java,org/openmetadata/service/resources/teams/PersonaResource,171,11,93.95604395604396,True
openmetadata-service/src/main/java/org/openmetadata/service/resources/teams/PersonaResource.java,org/openmetadata/service/resources/teams/PersonaResource$PersonaContextDocument,1,0,100.0,True
openmetadata-service/src/main/java/org/openmetadata/service/resources/teams/PersonaResource.java,org/openmetadata/service/resources/teams/PersonaResource$PersonaList,0,1,0.0,False
openmetadata-service/src/main/java/org/openmetadata/service/resources/teams/RoleResource.java,org/openmetadata/service/resources/teams/RoleResource,46,6,88.46153846153847,False
openmetadata-service/src/main/java/org/openmetadata/service/resources/teams/RoleResource.java,org/openmetadata/service/resources/teams/RoleResource$RoleList,0,1,0.0,False
openmetadata-service/src/main/java/org/openmetadata/service/resources/teams/UserResource.java,org/openmetadata/service/resources/teams/UserResource,317,325,49.37694704049844,False
openmetadata-service/src/main/java/org/openmetadata/service/resources/teams/UserResource.java,org/openmetadata/service/resources/teams/UserResource$PersonalAccessTokenList,0,1,0.0,False
openmetadata-service/src/main/java/org/openmetadata/service/resources/teams/UserResource.java,org/openmetadata/service/resources/teams/UserResource$UserList,0,1,0.0,False
openmetadata-service/src/main/java/org/openmetadata/service/resources/types/TypeResource.java,org/openmetadata/service/resources/types/TypeResource,68,38,64.15094339622641,False
openmetadata-service/src/main/java/org/openmetadata/service/resources/types/TypeResource.java,org/openmetadata/service/resources/types/TypeResource$TypeList,0,1,0.0,False
openmetadata-service/src/main/java/org/openmetadata/service/rules/RuleEngine.java,org/openmetadata/service/rules/RuleEngine,89,10,89.8989898989899,False
openmetadata-service/src/main/java/org/openmetadata/service/search/SearchClient.java,org/openmetadata/service/search/SearchClient,5,11,31.25,False
openmetadata-service/src/main/java/org/openmetadata/service/search/SearchClient.java,org/openmetadata/service/search/SearchClient$RawSearchResponse,1,0,100.0,True
openmetadata-service/src/main/java/org/openmetadata/service/search/SearchIndexRetryWorker.java,org/openmetadata/service/search/SearchIndexRetryWorker,354,114,75.64102564102564,False
openmetadata-service/src/main/java/org/openmetadata/service/search/SearchIndexRetryWorker.java,org/openmetadata/service/search/SearchIndexRetryWorker$StableEntitySnapshot,1,0,100.0,True
openmetadata-service/src/main/java/org/openmetadata/service/search/SearchRepository.java,org/openmetadata/service/search/SearchRepository,1922,375,83.67435785807575,False
openmetadata-service/src/main/java/org/openmetadata/service/search/SearchRepository.java,org/openmetadata/service/search/SearchRepository$1,1,0,100.0,True
openmetadata-service/src/main/java/org/openmetadata/service/search/SearchRepository.java,org/openmetadata/service/search/SearchRepository$DeferredSearchWrite,3,0,100.0,True
openmetadata-service/src/main/java/org/openmetadata/service/search/SearchRepository.java,org/openmetadata/service/search/SearchRepository$IndexTemplateBuildResult,1,0,100.0,True
openmetadata-service/src/main/java/org/openmetadata/service/search/SearchRepository.java,org/openmetadata/service/search/SearchRepository$IndexTemplateDefinition,1,0,100.0,True
openmetadata-service/src/main/java/org/openmetadata/service/search/SearchRepository.java,org/openmetadata/service/search/SearchRepository$RelationshipRevisionSpec,1,0,100.0,True
openmetadata-service/src/main/java/org/openmetadata/service/search/SearchRepository.java,org/openmetadata/service/search/SearchRepository$ScriptedPartialUpdate,23,0,100.0,True
openmetadata-service/src/main/java/org/openmetadata/service/search/elasticsearch/ElasticSearchSearchManager.java,org/openmetadata/service/search/elasticsearch/ElasticSearchSearchManager,539,530,50.42095416276894,False
openmetadata-service/src/main/java/org/openmetadata/service/search/opensearch/OpenSearchSearchManager.java,org/openmetadata/service/search/opensearch/OpenSearchSearchManager,536,557,49.03934126258005,False
openmetadata-service/src/main/java/org/openmetadata/service/secrets/SecretsManagerUpdateService.java,org/openmetadata/service/secrets/SecretsManagerUpdateService,0,225,0.0,False
openmetadata-service/src/main/java/org/openmetadata/service/security/AuthenticationCodeFlowHandler.java,org/openmetadata/service/security/AuthenticationCodeFlowHandler,165,480,25.58139534883721,False
openmetadata-service/src/main/java/org/openmetadata/service/security/AuthenticationCodeFlowHandler.java,org/openmetadata/service/security/AuthenticationCodeFlowHandler$McpPendingStatePersister,0,0,,True
openmetadata-service/src/main/java/org/openmetadata/service/security/AuthenticationCodeFlowHandler.java,org/openmetadata/service/security/AuthenticationCodeFlowHandler$PendingLoginContext,1,0,100.0,True
openmetadata-service/src/main/java/org/openmetadata/service/security/ImpersonationAuthorizer.java,org/openmetadata/service/security/ImpersonationAuthorizer,35,0,100.0,True
openmetadata-service/src/main/java/org/openmetadata/service/security/NoopAuthorizer.java,org/openmetadata/service/security/NoopAuthorizer,3,32,8.571428571428571,False
openmetadata-service/src/main/java/org/openmetadata/service/security/auth/BasicAuthServletHandler.java,org/openmetadata/service/security/auth/BasicAuthServletHandler,138,53,72.25130890052355,False
openmetadata-service/src/main/java/org/openmetadata/service/security/auth/BasicAuthenticator.java,org/openmetadata/service/security/auth/BasicAuthenticator,68,193,26.053639846743295,False
openmetadata-service/src/main/java/org/openmetadata/service/security/auth/BotTokenCache.java,org/openmetadata/service/security/auth/BotTokenCache,11,5,68.75,False
openmetadata-service/src/main/java/org/openmetadata/service/security/auth/BotTokenCache.java,org/openmetadata/service/security/auth/BotTokenCache$BotTokenLoader,14,1,93.33333333333333,True
openmetadata-service/src/main/java/org/openmetadata/service/security/auth/LdapAuthServletHandler.java,org/openmetadata/service/security/auth/LdapAuthServletHandler,90,111,44.776119402985074,False
openmetadata-service/src/main/java/org/openmetadata/service/security/auth/LdapAuthenticator.java,org/openmetadata/service/security/auth/LdapAuthenticator,11,322,3.3033033033033035,False
openmetadata-service/src/main/java/org/openmetadata/service/security/auth/LdapAuthenticator.java,org/openmetadata/service/security/auth/LdapAuthenticator$1,0,1,0.0,False
openmetadata-service/src/main/java/org/openmetadata/service/security/auth/UserTokenCache.java,org/openmetadata/service/security/auth/UserTokenCache,18,3,85.71428571428571,False
openmetadata-service/src/main/java/org/openmetadata/service/security/auth/UserTokenCache.java,org/openmetadata/service/security/auth/UserTokenCache$UserTokenLoader,7,6,53.84615384615385,False
openmetadata-service/src/main/java/org/openmetadata/service/security/policyevaluator/CreateResourceContext.java,org/openmetadata/service/security/policyevaluator/CreateResourceContext,59,15,79.72972972972973,False
openmetadata-service/src/main/java/org/openmetadata/service/security/policyevaluator/PermissionDebugService.java,org/openmetadata/service/security/policyevaluator/PermissionDebugService,371,12,96.8668407310705,True
openmetadata-service/src/main/java/org/openmetadata/service/security/policyevaluator/PolicyConditionUpdater.java,org/openmetadata/service/security/policyevaluator/PolicyConditionUpdater,173,9,95.05494505494505,True
openmetadata-service/src/main/java/org/openmetadata/service/security/policyevaluator/ResourceContext.java,org/openmetadata/service/security/policyevaluator/ResourceContext,154,8,95.06172839506173,True
openmetadata-service/src/main/java/org/openmetadata/service/security/policyevaluator/TestCaseResourceContext.java,org/openmetadata/service/security/policyevaluator/TestCaseResourceContext,11,41,21.153846153846153,False
openmetadata-service/src/main/java/org/openmetadata/service/security/policyevaluator/TestCaseResourceContext.java,org/openmetadata/service/security/policyevaluator/TestCaseResourceContext$TestCaseResourceContextBuilder,0,0,,True
openmetadata-service/src/main/java/org/openmetadata/service/tasks/SuggestionHandler.java,org/openmetadata/service/tasks/SuggestionHandler,0,153,0.0,False
openmetadata-service/src/main/java/org/openmetadata/service/tasks/TaskAssigneeCleanup.java,org/openmetadata/service/tasks/TaskAssigneeCleanup,24,0,100.0,True
openmetadata-service/src/main/java/org/openmetadata/service/tasks/TaskWorkflowHandler.java,org/openmetadata/service/tasks/TaskWorkflowHandler,513,198,72.15189873417721,False
openmetadata-service/src/main/java/org/openmetadata/service/tasks/TaskWorkflowHandler.java,org/openmetadata/service/tasks/TaskWorkflowHandler$1,1,0,100.0,True
openmetadata-service/src/main/java/org/openmetadata/service/tasks/TaskWorkflowHandler.java,org/openmetadata/service/tasks/TaskWorkflowHandler$2,1,0,100.0,True
openmetadata-service/src/main/java/org/openmetadata/service/tasks/TaskWorkflowHandler.java,org/openmetadata/service/tasks/TaskWorkflowHandler$3,1,0,100.0,True
openmetadata-service/src/main/java/org/openmetadata/service/tasks/TaskWorkflowHandler.java,org/openmetadata/service/tasks/TaskWorkflowHandler$4,1,0,100.0,True
openmetadata-service/src/main/java/org/openmetadata/service/tasks/TaskWorkflowHandler.java,org/openmetadata/service/tasks/TaskWorkflowHandler$5,0,1,0.0,False
openmetadata-service/src/main/java/org/openmetadata/service/tasks/TaskWorkflowHandler.java,org/openmetadata/service/tasks/TaskWorkflowHandler$6,1,0,100.0,True
openmetadata-service/src/main/java/org/openmetadata/service/tasks/TaskWorkflowHandler.java,org/openmetadata/service/tasks/TaskWorkflowHandler$7,1,0,100.0,True
openmetadata-service/src/main/java/org/openmetadata/service/tasks/TaskWorkflowHandler.java,org/openmetadata/service/tasks/TaskWorkflowHandler$8,1,0,100.0,True
openmetadata-service/src/main/java/org/openmetadata/service/util/AppMarketPlaceUtil.java,org/openmetadata/service/util/AppMarketPlaceUtil,23,21,52.27272727272727,False
openmetadata-service/src/main/java/org/openmetadata/service/util/EntityFieldUtils.java,org/openmetadata/service/util/EntityFieldUtils,257,26,90.81272084805654,True
openmetadata-service/src/main/java/org/openmetadata/service/util/EntityRelationshipCleanup.java,org/openmetadata/service/util/EntityRelationshipCleanup,192,29,86.87782805429865,False
openmetadata-service/src/main/java/org/openmetadata/service/util/EntityRelationshipCleanup.java,org/openmetadata/service/util/EntityRelationshipCleanup$EntityCleanupResult,0,0,,True
openmetadata-service/src/main/java/org/openmetadata/service/util/EntityRelationshipCleanup.java,org/openmetadata/service/util/EntityRelationshipCleanup$EntityCleanupResult$EntityCleanupResultBuilder,0,0,,True
openmetadata-service/src/main/java/org/openmetadata/service/util/EntityRelationshipCleanup.java,org/openmetadata/service/util/EntityRelationshipCleanup$OrphanedRelationship,0,0,,True
openmetadata-service/src/main/java/org/openmetadata/service/util/EntityRelationshipCleanup.java,org/openmetadata/service/util/EntityRelationshipCleanup$OrphanedRelationship$OrphanedRelationshipBuilder,0,0,,True
openmetadata-service/src/main/java/org/openmetadata/service/util/EntityRelationshipCleanup.java,org/openmetadata/service/util/EntityRelationshipCleanup$RelationshipCursor,7,0,100.0,True
openmetadata-service/src/main/java/org/openmetadata/service/util/EntityUtil.java,org/openmetadata/service/util/EntityUtil,591,26,95.78606158833063,True
openmetadata-service/src/main/java/org/openmetadata/service/util/EntityUtil.java,org/openmetadata/service/util/EntityUtil$Fields,56,3,94.91525423728814,True
openmetadata-service/src/main/java/org/openmetadata/service/util/EntityUtil.java,org/openmetadata/service/util/EntityUtil$RelationIncludes,31,0,100.0,True
openmetadata-service/src/main/java/org/openmetadata/service/util/FieldPathUtils.java,org/openmetadata/service/util/FieldPathUtils,175,71,71.13821138211382,False
openmetadata-service/src/main/java/org/openmetadata/service/util/FieldPathUtils.java,org/openmetadata/service/util/FieldPathUtils$FieldPathComponents,1,0,100.0,True
openmetadata-service/src/main/java/org/openmetadata/service/util/FlowableCleanup.java,org/openmetadata/service/util/FlowableCleanup,0,275,0.0,False
openmetadata-service/src/main/java/org/openmetadata/service/util/FlowableCleanup.java,org/openmetadata/service/util/FlowableCleanup$FlowableCleanupResult,0,0,,True
openmetadata-service/src/main/java/org/openmetadata/service/util/FlowableCleanup.java,org/openmetadata/service/util/FlowableCleanup$FlowableCleanupResult$FlowableCleanupResultBuilder,0,0,,True
openmetadata-service/src/main/java/org/openmetadata/service/util/FlowableCleanup.java,org/openmetadata/service/util/FlowableCleanup$WorkflowCleanupInfo,0,0,,True
openmetadata-service/src/main/java/org/openmetadata/service/util/FlowableCleanup.java,org/openmetadata/service/util/FlowableCleanup$WorkflowCleanupInfo$WorkflowCleanupInfoBuilder,0,0,,True
openmetadata-service/src/main/java/org/openmetadata/service/util/OpenMetadataOperations.java,org/openmetadata/service/util/OpenMetadataOperations,37,1721,2.1046643913538112,False
openmetadata-service/src/main/java/org/openmetadata/service/util/OpenMetadataOperations.java,org/openmetadata/service/util/OpenMetadataOperations$1,0,1,0.0,False
openmetadata-service/src/main/java/org/openmetadata/service/util/OpenMetadataOperations.java,org/openmetadata/service/util/OpenMetadataOperations$DeployRequest,0,1,0.0,False
openmetadata-service/src/main/java/org/openmetadata/service/util/OpenMetadataOperations.java,org/openmetadata/service/util/OpenMetadataOperations$ReembedTask,0,1,0.0,False
openmetadata-service/src/main/java/org/openmetadata/service/util/OpenMetadataOperations.java,org/openmetadata/service/util/OpenMetadataOperations$SmartReindexAction,5,0,100.0,True
openmetadata-service/src/main/java/org/openmetadata/service/util/OpenMetadataOperations.java,org/openmetadata/service/util/OpenMetadataOperations$SmartReindexPlan,2,0,100.0,True
openmetadata-service/src/main/java/org/openmetadata/service/util/OrphanTestCaseCleanup.java,org/openmetadata/service/util/OrphanTestCaseCleanup,68,24,73.91304347826087,False
openmetadata-service/src/main/java/org/openmetadata/service/util/OrphanTestCaseCleanup.java,org/openmetadata/service/util/OrphanTestCaseCleanup$OrphanTestCaseResult,0,0,,True
openmetadata-service/src/main/java/org/openmetadata/service/util/OrphanTestCaseCleanup.java,org/openmetadata/service/util/OrphanTestCaseCleanup$OrphanTestCaseResult$OrphanTestCaseResultBuilder,0,0,,True
openmetadata-service/src/main/java/org/openmetadata/service/util/PerRequestContextCleaner.java,org/openmetadata/service/util/PerRequestContextCleaner,7,0,100.0,True
openmetadata-service/src/main/java/org/openmetadata/service/util/RequestEntityCache.java,org/openmetadata/service/util/RequestEntityCache,71,3,95.94594594594595,True
openmetadata-service/src/main/java/org/openmetadata/service/util/RequestEntityCache.java,org/openmetadata/service/util/RequestEntityCache$1,2,0,100.0,True
openmetadata-service/src/main/java/org/openmetadata/service/util/RequestEntityCache.java,org/openmetadata/service/util/RequestEntityCache$EntityCacheKey,3,0,100.0,True
openmetadata-service/src/main/java/org/openmetadata/service/util/RequestEntityCache.java,org/openmetadata/service/util/RequestEntityCache$LookupType,3,0,100.0,True
openmetadata-service/src/main/java/org/openmetadata/service/util/RequestEntityCache.java,org/openmetadata/service/util/RequestEntityCache$Projection,1,0,100.0,True
openmetadata-service/src/main/java/org/openmetadata/service/util/SchemaFieldExtractor.java,org/openmetadata/service/util/SchemaFieldExtractor,341,22,93.93939393939394,True
openmetadata-service/src/main/java/org/openmetadata/service/util/SchemaFieldExtractor.java,org/openmetadata/service/util/SchemaFieldExtractor$CustomSchemaClient,16,0,100.0,True
openmetadata-service/src/main/java/org/openmetadata/service/util/SchemaFieldExtractor.java,org/openmetadata/service/util/SchemaFieldExtractor$FieldDefinition,7,6,53.84615384615385,False
openmetadata-service/src/main/java/org/openmetadata/service/util/SubscriptionUtil.java,org/openmetadata/service/util/SubscriptionUtil,229,12,95.02074688796681,True
openmetadata-service/src/main/java/org/openmetadata/service/util/UserUtil.java,org/openmetadata/service/util/UserUtil,235,8,96.70781893004116,True
openmetadata-service/src/main/java/org/openmetadata/service/util/relationshipcleanup/BatchEntityExistenceResolver.java,org/openmetadata/service/util/relationshipcleanup/BatchEntityExistenceResolver,72,19,79.12087912087912,False
openmetadata-service/src/main/java/org/openmetadata/service/workflows/searchIndex/PaginatedEntitiesSource.java,org/openmetadata/service/workflows/searchIndex/PaginatedEntitiesSource,132,91,59.19282511210762,False
openmetadata-service/src/main/java/org/openmetadata/service/workflows/searchIndex/ReindexingUtil.java,org/openmetadata/service/workflows/searchIndex/ReindexingUtil,151,33,82.06521739130434,False
